"year","coauthor_codes"
1982,"0,-Dg42W8AAAAJ"
1982,"-HwCwkAAAAAJ"
1982,"-HwCwkAAAAAJ"
1982,"-HwCwkAAAAAJ"
1982,"-HwCwkAAAAAJ"
1982,"-HwCwkAAAAAJ"
1982,"-MQXqOkAAAAJ"
1982,"0,0,0,-teHhxwAAAAJ,0"
1982,"0,0,-UyfaYEAAAAJ"
1982,"0,0,0,0,-UyfaYEAAAAJ"
1982,"2,0,-UyfaYEAAAAJ,0"
1982,"0,0,0,-UyfaYEAAAAJ,0,0,0"
1982,"0,0,0,-UyfaYEAAAAJ"
1982,"0,0,0,-UyfaYEAAAAJ"
1982,"0,0,2,-UyfaYEAAAAJ"
1982,"0,0,-UyfaYEAAAAJ"
1982,"-UyfaYEAAAAJ,0"
1982,"0,-UyfaYEAAAAJ"
1982,"0,-UyfaYEAAAAJ"
1982,"-YvgZDEAAAAJ,2,1"
1982,"-YvgZDEAAAAJ,1"
1982,"-YvgZDEAAAAJ,2,1"
1982,"-YvgZDEAAAAJ,2,1"
1982,"-YvgZDEAAAAJ"
1982,"-YvgZDEAAAAJ,1"
1982,"0,01EOkNEAAAAJ"
1982,"04pdXhgAAAAJ"
1982,"05UuCNQAAAAJ,2,0"
1982,"0,0,0,05UuCNQAAAAJ,2"
1982,"0,05UuCNQAAAAJ,2"
1982,"0,05UuCNQAAAAJ,2,0"
1982,"05UuCNQAAAAJ,2,0"
1982,"0,0,05UuCNQAAAAJ,0,0"
1982,"05UuCNQAAAAJ,2"
1982,"2,05UuCNQAAAAJ,2"
1982,"0e8QmOMAAAAJ"
1982,"0e8QmOMAAAAJ"
1982,"0e8QmOMAAAAJ,0"
1982,"0,0e8QmOMAAAAJ"
1982,"0ESwQagAAAAJ"
1982,"0,0,0IrZEuIAAAAJ"
1982,"0,0,0,0IrZEuIAAAAJ,0"
1982,"2,0IrZEuIAAAAJ,0"
1982,"0,0IrZEuIAAAAJ"
1982,"0nBysEcAAAAJ,1,1"
1982,"0oj4N0sAAAAJ"
1982,"0oj4N0sAAAAJ,0"
1982,"0skgDnMAAAAJ,1,1"
1982,"1,0XV1sFsAAAAJ"
1982,"1,0XV1sFsAAAAJ"
1982,"0XV1sFsAAAAJ"
1982,"1,0XV1sFsAAAAJ"
1982,"1,0XV1sFsAAAAJ"
1982,"0XV1sFsAAAAJ,1"
1982,"1,0XV1sFsAAAAJ"
1982,"0XV1sFsAAAAJ"
1982,"1,0XV1sFsAAAAJ"
1982,"1,0XV1sFsAAAAJ"
1982,"1Aa3qxIAAAAJ,1,1"
1982,"0,1h_0s3wAAAAJ"
1982,"1jE4flwAAAAJ,0"
1982,"1NtRHc4AAAAJ"
1982,"1s3GeggAAAAJ"
1982,"1s3GeggAAAAJ"
1982,"0,0,1somGYUAAAAJ"
1982,"0,0,1somGYUAAAAJ"
1982,"0,0,1somGYUAAAAJ,0"
1982,"1somGYUAAAAJ,0"
1982,"1somGYUAAAAJ,0,0"
1982,"0,2,0,1somGYUAAAAJ"
1982,"1somGYUAAAAJ,0"
1982,"1somGYUAAAAJ,0"
1982,"0,0,0,1somGYUAAAAJ"
1982,"1somGYUAAAAJ,0"
1982,"0,1somGYUAAAAJ,0"
1982,"1somGYUAAAAJ"
1982,"0,1WIPsm0AAAAJ"
1982,"0,1WIPsm0AAAAJ,0"
1982,"0,0,1WIPsm0AAAAJ"
1982,"1WIPsm0AAAAJ"
1982,"0,0,1WIPsm0AAAAJ"
1982,"0,1WIPsm0AAAAJ,0"
1982,"0,1wq5H9oAAAAJ,0,2"
1982,"0,0,0,0,0,1wq5H9oAAAAJ,0"
1982,"1wq5H9oAAAAJ"
1982,"2,0,1wq5H9oAAAAJ,0"
1982,"2,0,2,1wq5H9oAAAAJ,vivnVgIAAAAJ"
1982,"0,0,0,1wq5H9oAAAAJ,0"
1982,"1wq5H9oAAAAJ"
1982,"0,0,1wq5H9oAAAAJ"
1982,"2,0,1wq5H9oAAAAJ,vivnVgIAAAAJ"
1982,"0,1wq5H9oAAAAJ"
1982,"0,2,0,1wq5H9oAAAAJ"
1982,"1wq5H9oAAAAJ"
1982,"0,0,nwNHXf4AAAAJ,0,2,1z3mv7EAAAAJ,0"
1982,"0,1z3mv7EAAAAJ"
1982,"nwNHXf4AAAAJ,0,1z3mv7EAAAAJ,0"
1982,"0,nwNHXf4AAAAJ,0,1z3mv7EAAAAJ"
1982,"kMK1IvwAAAAJ,1z3mv7EAAAAJ"
1982,"kMK1IvwAAAAJ,1z3mv7EAAAAJ,0"
1982,"nwNHXf4AAAAJ,0,0,0,1z3mv7EAAAAJ"
1982,"0,nwNHXf4AAAAJ,0,2,1z3mv7EAAAAJ,0"
1982,"0,0,0,1z3mv7EAAAAJ,0,0,0"
1982,"0,0,0,1z3mv7EAAAAJ,0,0,0"
1982,"2,0,1z3mv7EAAAAJ,0,0"
1982,"1z3mv7EAAAAJ,0,0"
1982,"0,1z3mv7EAAAAJ,0"
1982,"22aEccUAAAAJ,0"
1982,"1,2ewb-10AAAAJ"
1982,"1,2ewb-10AAAAJ"
1982,"2ftJYXMAAAAJ"
1982,"1,1,2hg5lYIAAAAJ,1"
1982,"1,1,2hg5lYIAAAAJ,1"
1982,"2,2hg5lYIAAAAJ"
1982,"1,2hg5lYIAAAAJ,1"
1982,"1,1,2hg5lYIAAAAJ,1"
1982,"2,2hg5lYIAAAAJ"
1982,"1,1,2hg5lYIAAAAJ,1"
1982,"1,2hg5lYIAAAAJ"
1982,"0,0,2K2gtpsAAAAJ"
1982,"0,0,2K2gtpsAAAAJ"
1982,"2K2gtpsAAAAJ"
1982,"2K2gtpsAAAAJ"
1982,"0,2LQimEIAAAAJ"
1982,"0,2LQimEIAAAAJ"
1982,"0,0,2LQimEIAAAAJ,0"
1982,"2mkaUvkAAAAJ"
1982,"0,2nGk3QQAAAAJ,0,0"
1982,"0,2nGk3QQAAAAJ"
1982,"2SF6AXQAAAAJ,0,2,2,2,0"
1982,"0,2SF6AXQAAAAJ,0,0,0,0"
1982,"0,0,2SF6AXQAAAAJ,0,0,0"
1982,"0,2SF6AXQAAAAJ,2,2"
1982,"2SF6AXQAAAAJ,2,0"
1982,"2SF6AXQAAAAJ,2"
1982,"0,2SF6AXQAAAAJ,0"
1982,"2SF6AXQAAAAJ,0,0,0,0"
1982,"2SF6AXQAAAAJ,0,0"
1982,"2SF6AXQAAAAJ,0,0,0,0"
1982,"0,2SF6AXQAAAAJ"
1982,"2SF6AXQAAAAJ,2,0,0"
1982,"2SF6AXQAAAAJ,Wj4ZBFIAAAAJ,2,2,2,2"
1982,"2SF6AXQAAAAJ,0,0"
1982,"0,2SF6AXQAAAAJ,2"
1982,"2tT-FokAAAAJ,0,0"
1982,"2tT-FokAAAAJ,0"
1982,"2tT-FokAAAAJ"
1982,"2X5Wru0AAAAJ,2,0,2,0"
1982,"1,1,3-gk0ioAAAAJ"
1982,"2,3-gk0ioAAAAJ"
1982,"2,3-gk0ioAAAAJ"
1982,"2,1,3-gk0ioAAAAJ"
1982,"3-PRZG0AAAAJ"
1982,"398l2V8AAAAJ,2,0,2,0,2,0,0"
1982,"1,3XYmsKQAAAAJ,1"
1982,"4esyQS4AAAAJ"
1982,"0,0,4ew4MwwAAAAJ"
1982,"0,0,4ew4MwwAAAAJ"
1982,"0,0,4ew4MwwAAAAJ"
1982,"0,4ew4MwwAAAAJ,0"
1982,"0,4ew4MwwAAAAJ"
1982,"0,0,4ew4MwwAAAAJ"
1982,"0,4ew4MwwAAAAJ"
1982,"1,4LCdnkYAAAAJ"
1982,"4LCdnkYAAAAJ"
1982,"4LCdnkYAAAAJ"
1982,"1,4LCdnkYAAAAJ,1"
1982,"0,0,4OOz4DcAAAAJ,0,0,0"
1982,"2,0,0,0,0,4OOz4DcAAAAJ,0"
1982,"0,0,4OOz4DcAAAAJ,0,0,0"
1982,"2,0,4OOz4DcAAAAJ,0,2"
1982,"0,4OOz4DcAAAAJ,0,2"
1982,"0,0,0,0,4OOz4DcAAAAJ,0,0"
1982,"2,0,0,4OOz4DcAAAAJ,0,0"
1982,"0,0,0,0,4OOz4DcAAAAJ,0"
1982,"0,0,4OOz4DcAAAAJ,0"
1982,"0,4OOz4DcAAAAJ"
1982,"0,0,0,0,4OOz4DcAAAAJ,0,0,0"
1982,"2,0,0,0,0,4OOz4DcAAAAJ,0"
1982,"2,0,4pkd0FsAAAAJ"
1982,"0,2,4pkd0FsAAAAJ,0"
1982,"4SYHiigAAAAJ"
1982,"4SYHiigAAAAJ"
1982,"4tJhnt8AAAAJ,0,0"
1982,"4veQB4cAAAAJ,0"
1982,"0,0,4veQB4cAAAAJ"
1982,"0,0,0,4veQB4cAAAAJ"
1982,"4VJre9IAAAAJ"
1982,"1,4VJre9IAAAAJ,1,1"
1982,"4VJre9IAAAAJ"
1982,"4VJre9IAAAAJ"
1982,"0,0,0,4Y2pXqoAAAAJ"
1982,"0,55pOyCkAAAAJ,0,0,0,0"
1982,"55pOyCkAAAAJ"
1982,"55pOyCkAAAAJ,0"
1982,"55pOyCkAAAAJ,0"
1982,"0,0,0,0,0,0,55pOyCkAAAAJ,0,0,0,0"
1982,"55pOyCkAAAAJ,0,0"
1982,"56qcx4MAAAAJ,1,1,1,1,1,izMnGyMAAAAJ"
1982,"56qcx4MAAAAJ,1,izMnGyMAAAAJ"
1982,"5Aut7EEAAAAJ,1,1"
1982,"5CH2x_YAAAAJ"
1982,"0,5iXE9k0AAAAJ,0,0"
1982,"5iXE9k0AAAAJ,0"
1982,"5iXE9k0AAAAJ,0"
1982,"5iXE9k0AAAAJ,0"
1982,"0,0,5iXE9k0AAAAJ,0,0,0"
1982,"5iXE9k0AAAAJ,0"
1982,"0,5iXE9k0AAAAJ,0,0"
1982,"5iXE9k0AAAAJ,0,0"
1982,"5iXE9k0AAAAJ,0"
1982,"0,5iXE9k0AAAAJ,0,0"
1982,"0,5iXE9k0AAAAJ,0,0"
1982,"5LsAK74AAAAJ,0,0"
1982,"2,5LsAK74AAAAJ"
1982,"0,5LsAK74AAAAJ,0,0"
1982,"0,0,2,5LsAK74AAAAJ,0"
1982,"1,5wgTi1AAAAAJ"
1982,"1,628Jn7UAAAAJ"
1982,"628Jn7UAAAAJ"
1982,"1,628Jn7UAAAAJ"
1982,"2,67aYFTQAAAAJ"
1982,"2,67aYFTQAAAAJ"
1982,"67aYFTQAAAAJ,1"
1982,"6hPAjdYAAAAJ,0,0,0"
1982,"6hPAjdYAAAAJ,0,0,0,0"
1982,"6hPAjdYAAAAJ,0,0,0,0"
1982,"6hPAjdYAAAAJ,0,0,0"
1982,"6hPAjdYAAAAJ,0,0,0"
1982,"6hPAjdYAAAAJ,0,0,0,0"
1982,"6IxWYR0AAAAJ,1"
1982,"6IxWYR0AAAAJ"
1982,"6IxWYR0AAAAJ"
1982,"6o13_-QAAAAJ,0"
1982,"0,0,6pG19JoAAAAJ"
1982,"6qE0tdAAAAAJ"
1982,"1,6qE0tdAAAAAJ"
1982,"1,1,1,6qE0tdAAAAAJ"
1982,"1,6qE0tdAAAAAJ"
1982,"0,6Z88TncAAAAJ"
1982,"0,7AUq6CUAAAAJ,0,2,0"
1982,"1,1,7btxQB0AAAAJ"
1982,"1,1,7btxQB0AAAAJ"
1982,"7btxQB0AAAAJ"
1982,"1,7btxQB0AAAAJ,1"
1982,"1,7btxQB0AAAAJ,1"
1982,"1,7btxQB0AAAAJ,1"
1982,"1,7btxQB0AAAAJ,1,1,1"
1982,"7btxQB0AAAAJ,1,1"
1982,"7btxQB0AAAAJ,1,1"
1982,"1,1,1,7btxQB0AAAAJ"
1982,"1,7btxQB0AAAAJ,1"
1982,"7btxQB0AAAAJ"
1982,"1,7btxQB0AAAAJ,1"
1982,"1,7btxQB0AAAAJ,1"
1982,"1,7btxQB0AAAAJ,1"
1982,"1,7btxQB0AAAAJ"
1982,"0,7cys8kgAAAAJ,2,0"
1982,"0,0,7cys8kgAAAAJ,0"
1982,"0,0,0,7cys8kgAAAAJ,2"
1982,"7cys8kgAAAAJ,2,0,0"
1982,"7P3t1woAAAAJ,0,2,2,0"
1982,"7P3t1woAAAAJ,0"
1982,"0,7PeekG0AAAAJ"
1982,"0,0,zLS4alQAAAAJ,0,0,0,0,0,7PeekG0AAAAJ,0"
1982,"0,7VeXVsYAAAAJ,0,0"
1982,"1,7vK1GRIAAAAJ"
1982,"7zf7xGkAAAAJ"
1982,"8ExiKC0AAAAJ,1"
1982,"8ExiKC0AAAAJ,1,1"
1982,"8ExiKC0AAAAJ"
1982,"8ExiKC0AAAAJ"
1982,"8fudeRAAAAAJ"
1982,"8GA4R2wAAAAJ"
1982,"8gIklOMAAAAJ,1"
1982,"8gIklOMAAAAJ,1"
1982,"8gIklOMAAAAJ,1"
1982,"8gIklOMAAAAJ,1"
1982,"8gIklOMAAAAJ,1"
1982,"8gIklOMAAAAJ,1"
1982,"1,8Qu_gAMAAAAJ"
1982,"8v1PvG1CERwC"
1982,"8v1PvG1CERwC"
1982,"8v3hRYcAAAAJ,0,0"
1982,"8v3hRYcAAAAJ,0"
1982,"8v3hRYcAAAAJ,0"
1982,"0,8v3hRYcAAAAJ,0,0"
1982,"8v3hRYcAAAAJ,0"
1982,"8v3hRYcAAAAJ,0,0,0"
1982,"0,8v3hRYcAAAAJ,0"
1982,"8vsRBCgAAAAJ,0"
1982,"90qiDCwAAAAJ"
1982,"92mdADUAAAAJ,1"
1982,"92mdADUAAAAJ,1"
1982,"9CC9gHoAAAAJ"
1982,"0,9CC9gHoAAAAJ"
1982,"0,9CC9gHoAAAAJ"
1982,"0,9fg4Cf4AAAAJ"
1982,"0,9fg4Cf4AAAAJ"
1982,"0,9fg4Cf4AAAAJ"
1982,"0,9fg4Cf4AAAAJ"
1982,"9hvCdiQAAAAJ"
1982,"9hvCdiQAAAAJ,1"
1982,"9s9o-JcAAAAJ"
1982,"9s9o-JcAAAAJ"
1982,"0,9xnCrRgAAAAJ,0"
1982,"0,9Xv52PkAAAAJ"
1982,"0,9Xv52PkAAAAJ"
1982,"0,9Xv52PkAAAAJ,0"
1982,"0,0,0,9Xv52PkAAAAJ"
1982,"9Y2cn3EAAAAJ"
1982,"a-qMWpwAAAAJ"
1982,"a-qMWpwAAAAJ"
1982,"0,A1NhsZgAAAAJ,0,0"
1982,"0,A5XWspQAAAAJ"
1982,"0,A5XWspQAAAAJ"
1982,"0,A5XWspQAAAAJ"
1982,"a7LHl00AAAAJ,0"
1982,"a7LHl00AAAAJ,0"
1982,"0,a7LHl00AAAAJ"
1982,"a7LHl00AAAAJ"
1982,"0,0,0,a7LHl00AAAAJ,0"
1982,"a7LHl00AAAAJ"
1982,"0,0,a7LHl00AAAAJ,0,0"
1982,"0,a7LHl00AAAAJ"
1982,"0,a7LHl00AAAAJ,0"
1982,"0,a7np7i8AAAAJ"
1982,"0,a7np7i8AAAAJ"
1982,"0,a7np7i8AAAAJ"
1982,"0,a7np7i8AAAAJ"
1982,"A9tBw58AAAAJ,1"
1982,"A9tBw58AAAAJ,1"
1982,"0,ABV6wJ4AAAAJ"
1982,"0,ABV6wJ4AAAAJ,0,0"
1982,"ABV6wJ4AAAAJ"
1982,"0,ABV6wJ4AAAAJ"
1982,"0,adm2PjUAAAAJ,0,0"
1982,"AIFdovkAAAAJ,0"
1982,"aiMWCUwAAAAJ,0,0"
1982,"aiMWCUwAAAAJ,0"
1982,"aiMWCUwAAAAJ,0,0,0"
1982,"aiMWCUwAAAAJ"
1982,"aiMWCUwAAAAJ,0,0"
1982,"1,ALGiEhQAAAAJ,1"
1982,"1,ALGiEhQAAAAJ,1"
1982,"1,ALGiEhQAAAAJ,1"
1982,"ALGiEhQAAAAJ,1"
1982,"ALGiEhQAAAAJ,1"
1982,"1,1,1,ALGiEhQAAAAJ,1"
1982,"0,AN-_Gn8AAAAJ"
1982,"0,AN-_Gn8AAAAJ,0,2"
1982,"AN-_Gn8AAAAJ,0,0,0"
1982,"0,AN-_Gn8AAAAJ,0,0"
1982,"0,AN-_Gn8AAAAJ,0"
1982,"0,AN-_Gn8AAAAJ"
1982,"AppFY_IAAAAJ"
1982,"AppFY_IAAAAJ,0,0,0"
1982,"AppFY_IAAAAJ,0,0,0,0"
1982,"AppFY_IAAAAJ,0,0"
1982,"2,aqV5nJ8AAAAJ"
1982,"1,ArV74ZMAAAAJ"
1982,"ArV74ZMAAAAJ"
1982,"1,ArV74ZMAAAAJ"
1982,"ArV74ZMAAAAJ"
1982,"ATOfqHEAAAAJ"
1982,"ATOfqHEAAAAJ"
1982,"ATOfqHEAAAAJ"
1982,"1,ATOfqHEAAAAJ,1"
1982,"ATOfqHEAAAAJ"
1982,"AUQPlgcAAAAJ,0,0"
1982,"aVorcfUAAAAJ,0"
1982,"0,0,0,0,aVorcfUAAAAJ,0,0"
1982,"0,aVorcfUAAAAJ,0"
1982,"1,avq8-1QAAAAJ,1,1"
1982,"aydzTogAAAAJ,1"
1982,"aydzTogAAAAJ,1,1"
1982,"2,azVcOOgAAAAJ"
1982,"0,azVcOOgAAAAJ"
1982,"azVcOOgAAAAJ"
1982,"azVcOOgAAAAJ"
1982,"0,azVcOOgAAAAJ"
1982,"0,azVcOOgAAAAJ"
1982,"b0k2tTgAAAAJ"
1982,"b0k2tTgAAAAJ"
1982,"b2f-PjYAAAAJ,2"
1982,"b2f-PjYAAAAJ,1"
1982,"0,b2xYckIAAAAJ"
1982,"0,b2xYckIAAAAJ"
1982,"0,0,0,0,0,b2xYckIAAAAJ,0"
1982,"0,0,b2xYckIAAAAJ,2,0"
1982,"0,b2xYckIAAAAJ,0"
1982,"0,0,B46xY4sAAAAJ,0"
1982,"bAa___kAAAAJ"
1982,"2,bAa___kAAAAJ"
1982,"bAipNH8AAAAJ"
1982,"bAipNH8AAAAJ"
1982,"1,bAipNH8AAAAJ"
1982,"2,bAipNH8AAAAJ,1"
1982,"bAipNH8AAAAJ"
1982,"1,1,bAipNH8AAAAJ"
1982,"BbzZlWsAAAAJ,1"
1982,"BCRISEEAAAAJ"
1982,"1,bCTAqq4AAAAJ"
1982,"bCTAqq4AAAAJ"
1982,"1,bCTAqq4AAAAJ"
1982,"bCTAqq4AAAAJ"
1982,"0,bENqhCkAAAAJ,0,0"
1982,"bf7u8fUAAAAJ,0"
1982,"bf7u8fUAAAAJ,0,0,0"
1982,"bf7u8fUAAAAJ,0"
1982,"bf7u8fUAAAAJ,0,0"
1982,"0,BfF2lIkAAAAJ,0"
1982,"BfF2lIkAAAAJ,0"
1982,"BhIIVrQAAAAJ,0,0"
1982,"0,BhIIVrQAAAAJ,0"
1982,"BhIIVrQAAAAJ,0"
1982,"OOLe2TIAAAAJ,2,blwKAkUAAAAJ"
1982,"2,1,1,1,HaI6LesAAAAJ,blwKAkUAAAAJ"
1982,"bNE_Cy4AAAAJ,0"
1982,"2,0,bNE_Cy4AAAAJ"
1982,"bNE_Cy4AAAAJ,0"
1982,"1,1,1,BnxU9TEAAAAJ"
1982,"fez4ulcAAAAJ,1,BnxU9TEAAAAJ"
1982,"1,bRjJOrMAAAAJ,1"
1982,"bWL2gvUAAAAJ,0,0,0,0"
1982,"0,bWL2gvUAAAAJ,0"
1982,"bWL2gvUAAAAJ,0,0,0"
1982,"bWL2gvUAAAAJ,0"
1982,"bWL2gvUAAAAJ,0,0"
1982,"bWL2gvUAAAAJ,0,0"
1982,"bWL2gvUAAAAJ,0,0"
1982,"bWL2gvUAAAAJ,0,0,0"
1982,"bWL2gvUAAAAJ,0,0"
1982,"bWL2gvUAAAAJ,0,0"
1982,"bWL2gvUAAAAJ,0,0,0"
1982,"bWL2gvUAAAAJ,0,0,0"
1982,"bWTPrLEAAAAJ"
1982,"rXYLXJMAAAAJ,bWTPrLEAAAAJ"
1982,"bxi6JXYAAAAJ,1"
1982,"bxi6JXYAAAAJ"
1982,"0,BzlPljQAAAAJ,0,0"
1982,"BzlPljQAAAAJ,0,0"
1982,"C1VwgssAAAAJ"
1982,"1,C6DtGmMAAAAJ,1"
1982,"C6DtGmMAAAAJ"
1982,"0,0,c8mdOEgAAAAJ"
1982,"ca_O-WQAAAAJ"
1982,"ca_O-WQAAAAJ,0"
1982,"0,2,ca_O-WQAAAAJ"
1982,"2,ca_O-WQAAAAJ,0"
1982,"ca_O-WQAAAAJ,0"
1982,"Cg_mRhMAAAAJ,0,0,0"
1982,"ChtFYsIAAAAJ"
1982,"0,ChtFYsIAAAAJ,0"
1982,"chwPsSIAAAAJ,0,0"
1982,"chwPsSIAAAAJ,0,0"
1982,"0,0,ci2F0o8AAAAJ"
1982,"0,ci2F0o8AAAAJ"
1982,"CNkmfDYAAAAJ"
1982,"0,CoxGqVsAAAAJ"
1982,"cS8AAA4AAAAJ"
1982,"0,CTPwvRMAAAAJ,0,0,2"
1982,"0,CTPwvRMAAAAJ,0,2"
1982,"0,0,CTPwvRMAAAAJ,0,2"
1982,"0,CTPwvRMAAAAJ,0,0,2"
1982,"cwa28YMAAAAJ,0,2,0,0"
1982,"cYmUpBQAAAAJ,2"
1982,"cYmUpBQAAAAJ,2"
1982,"cYmUpBQAAAAJ"
1982,"cYmUpBQAAAAJ,0,0"
1982,"0,0,0,cYmUpBQAAAAJ,0,0"
1982,"D-n1130AAAAJ,0"
1982,"D0lL1r0AAAAJ,2"
1982,"1,1,d1KEK84AAAAJ"
1982,"1,avq8-1QAAAAJ,1,d1KEK84AAAAJ"
1982,"1,1,1,d1KEK84AAAAJ"
1982,"1,d1KEK84AAAAJ"
1982,"1,1,1,d1KEK84AAAAJ"
1982,"D3aAA1wAAAAJ,0,0,0"
1982,"D3aAA1wAAAAJ,0,0,0"
1982,"1,d3UtiX8AAAAJ"
1982,"1,d3UtiX8AAAAJ"
1982,"d3UtiX8AAAAJ"
1982,"1,d3UtiX8AAAAJ"
1982,"1,1,1,d7Gx1QYAAAAJ"
1982,"1,1,d7Gx1QYAAAAJ"
1982,"1,1,1,d7Gx1QYAAAAJ"
1982,"1,1,2,d7Gx1QYAAAAJ,1"
1982,"d7Gx1QYAAAAJ,1,1"
1982,"d7Gx1QYAAAAJ,1,1"
1982,"1,1,d7Gx1QYAAAAJ"
1982,"1,1,1,d7Gx1QYAAAAJ"
1982,"1,1,1,1,d7Gx1QYAAAAJ"
1982,"1,1,1,d7Gx1QYAAAAJ"
1982,"1,1,1,1,d7Gx1QYAAAAJ,1,1,1"
1982,"1,1,1,d7Gx1QYAAAAJ"
1982,"1,d7Gx1QYAAAAJ"
1982,"1,1,d7Gx1QYAAAAJ,1"
1982,"2,1,d7Gx1QYAAAAJ,1"
1982,"1,1,d7Gx1QYAAAAJ,1"
1982,"1,1,1,1,1,d7Gx1QYAAAAJ,1,1"
1982,"1,d7Gx1QYAAAAJ,1"
1982,"1,d7Gx1QYAAAAJ,1"
1982,"1,1,d7Gx1QYAAAAJ"
1982,"1,2,d7Gx1QYAAAAJ,2"
1982,"1,2,d7Gx1QYAAAAJ,2"
1982,"1,1,1,d7Gx1QYAAAAJ,1"
1982,"0,DaGZRjAAAAAJ,0,0,0"
1982,"DbZWZr8AAAAJ"
1982,"0,dCWcLaUAAAAJ,0,0,0"
1982,"dCWcLaUAAAAJ,0"
1982,"dCWcLaUAAAAJ,0,0"
1982,"DD6_7kwAAAAJ"
1982,"1,dHiM2IcAAAAJ,1"
1982,"1,dHiM2IcAAAAJ"
1982,"1,dHiM2IcAAAAJ,1"
1982,"1,dHiM2IcAAAAJ,1"
1982,"1,dHiM2IcAAAAJ"
1982,"dHiM2IcAAAAJ"
1982,"DI23xwMAAAAJ,1,1"
1982,"0,0,djRAUcYAAAAJ"
1982,"0,0,0,djRAUcYAAAAJ"
1982,"0,0,0,0,djRAUcYAAAAJ"
1982,"0,0,djRAUcYAAAAJ"
1982,"0,0,djRAUcYAAAAJ"
1982,"0,djRAUcYAAAAJ"
1982,"0,2,0,djRAUcYAAAAJ"
1982,"0,0,djRAUcYAAAAJ"
1982,"0,2,djRAUcYAAAAJ"
1982,"0,0,0,djRAUcYAAAAJ"
1982,"0,0,djRAUcYAAAAJ"
1982,"djRAUcYAAAAJ"
1982,"0,0,djRAUcYAAAAJ"
1982,"0,djRAUcYAAAAJ"
1982,"0,0,djRAUcYAAAAJ"
1982,"0,0,djRAUcYAAAAJ"
1982,"0,0,djRAUcYAAAAJ"
1982,"zAo6f24AAAAJ,DknsgF8AAAAJ"
1982,"0,0,0,dpH_nwUAAAAJ,0,0"
1982,"0,0,dpH_nwUAAAAJ,0,0"
1982,"DQaARsgAAAAJ"
1982,"DQaARsgAAAAJ"
1982,"dWVyVm4AAAAJ,0"
1982,"dWVyVm4AAAAJ"
1982,"dWVyVm4AAAAJ"
1982,"dWVyVm4AAAAJ,0"
1982,"dWVyVm4AAAAJ"
1982,"dWVyVm4AAAAJ,0"
1982,"DxSdANoAAAAJ"
1982,"DxSdANoAAAAJ,2,0"
1982,"DxSdANoAAAAJ,2,0"
1982,"DxSdANoAAAAJ"
1982,"DxSdANoAAAAJ,0,0"
1982,"0,0,0,0,2,dxUyNuoAAAAJ"
1982,"0,0,2,dxUyNuoAAAAJ"
1982,"dxwra60AAAAJ,2,0"
1982,"0,dxwra60AAAAJ,2"
1982,"0,dxwra60AAAAJ"
1982,"dxwra60AAAAJ,2,0,0"
1982,"dxwra60AAAAJ,2,0"
1982,"0,dxwra60AAAAJ,2"
1982,"0,dxwra60AAAAJ,0"
1982,"0,dxwra60AAAAJ"
1982,"0,0,D_3H_9wAAAAJ"
1982,"D_JpQnAAAAAJ"
1982,"D_JpQnAAAAAJ"
1982,"1,1,e-c3R8QAAAAJ"
1982,"E-sFjjsAAAAJ,0,0,0"
1982,"0,E2-uIQYAAAAJ,0,0,0,0,0"
1982,"e4JfTgsAAAAJ"
1982,"e4JfTgsAAAAJ,0"
1982,"E5y_8wIAAAAJ,0"
1982,"E5y_8wIAAAAJ,0"
1982,"E5y_8wIAAAAJ,0"
1982,"1,e7V7-gEAAAAJ,1"
1982,"e7V7-gEAAAAJ,1"
1982,"e7V7-gEAAAAJ,1,1"
1982,"1,e8e5qGcAAAAJ"
1982,"1,1,e8e5qGcAAAAJ,1"
1982,"e8e5qGcAAAAJ"
1982,"1,1,e9OxXgwAAAAJ"
1982,"e9xnMAEAAAAJ,0"
1982,"e9xnMAEAAAAJ,2,0"
1982,"1,ecNmblAAAAAJ,1"
1982,"EFEC_toAAAAJ"
1982,"0,EFlfpXQAAAAJ"
1982,"0,EFlfpXQAAAAJ"
1982,"0,EFlfpXQAAAAJ"
1982,"2,2,1,EfuT9RoAAAAJ,1,1,1,1,1,1,1"
1982,"0,0,0,0,EGnp1r8AAAAJ,0,0"
1982,"eHhHOD0AAAAJ"
1982,"eHhHOD0AAAAJ"
1982,"eHhHOD0AAAAJ,1,1,1"
1982,"eIYoeT4AAAAJ,1"
1982,"0,EmLddhQAAAAJ,0"
1982,"EmLddhQAAAAJ,0"
1982,"EmLddhQAAAAJ,0"
1982,"EmLddhQAAAAJ,0"
1982,"0,EmLddhQAAAAJ,0"
1982,"EmLddhQAAAAJ"
1982,"Er-gEaoAAAAJ"
1982,"Er-gEaoAAAAJ"
1982,"Er-gEaoAAAAJ,1"
1982,"Er-gEaoAAAAJ,1"
1982,"Er-gEaoAAAAJ,1"
1982,"0,EtRpNRAAAAAJ,0,2,2,0"
1982,"1,EUMYhUvzt6IC"
1982,"EyUdMn0AAAAJ,0"
1982,"EyUdMn0AAAAJ,0"
1982,"0,EZk2dkwAAAAJ,0,0,0,0,0"
1982,"1,Ezrt3pkAAAAJ"
1982,"0,ezVN9NUAAAAJ"
1982,"1,F4v_MEIAAAAJ"
1982,"1,F4v_MEIAAAAJ,1,1"
1982,"1,F6LzqwMAAAAJ"
1982,"f8FjAtMAAAAJ,1"
1982,"f8FjAtMAAAAJ"
1982,"f8FjAtMAAAAJ"
1982,"fDdcWBEAAAAJ"
1982,"fDdcWBEAAAAJ,1,1"
1982,"fDdcWBEAAAAJ,1,1"
1982,"Fe9NgoEAAAAJ,0,0,0"
1982,"fEVXhhAAAAAJ,1"
1982,"fEVXhhAAAAAJ,2"
1982,"1,fEVXhhAAAAAJ"
1982,"1,fEVXhhAAAAAJ"
1982,"fEVXhhAAAAAJ,1"
1982,"fEYp6hEAAAAJ,1"
1982,"fez4ulcAAAAJ"
1982,"fez4ulcAAAAJ"
1982,"fez4ulcAAAAJ,1,BnxU9TEAAAAJ"
1982,"1,ffUu1PcAAAAJ,1,1"
1982,"2,1,ffUu1PcAAAAJ,1"
1982,"1,1,1,ffUu1PcAAAAJ"
1982,"FmrDR68AAAAJ,1"
1982,"1,1,1,forPRN8AAAAJ"
1982,"forPRN8AAAAJ"
1982,"1,forPRN8AAAAJ"
1982,"FPpZDF0AAAAJ,0"
1982,"0,FPpZDF0AAAAJ"
1982,"FPpZDF0AAAAJ,0"
1982,"FPpZDF0AAAAJ,0"
1982,"FPpZDF0AAAAJ,0,0"
1982,"0,fqy0tRYAAAAJ,2"
1982,"0,fqy0tRYAAAAJ,0"
1982,"0,fqy0tRYAAAAJ,2"
1982,"2,FsBCAfgAAAAJ,1"
1982,"1,FsBCAfgAAAAJ"
1982,"1,FsBCAfgAAAAJ,2"
1982,"FUJJ66cAAAAJ"
1982,"FuOqWNEAAAAJ"
1982,"0,FyhRqdYAAAAJ"
1982,"FyhRqdYAAAAJ,0"
1982,"FyhRqdYAAAAJ"
1982,"FyhRqdYAAAAJ,0"
1982,"FyhRqdYAAAAJ"
1982,"Fz-5bdcAAAAJ"
1982,"Fz-5bdcAAAAJ,0"
1982,"Fz-5bdcAAAAJ,0"
1982,"2,0,g0s8hgEAAAAJ,0,0"
1982,"2,0,g0s8hgEAAAAJ,0,0"
1982,"0,0,g0s8hgEAAAAJ,0"
1982,"0,0,g0s8hgEAAAAJ,0"
1982,"1,G6XN5cRm0FIJ,1,1"
1982,"gAP-9H8AAAAJ"
1982,"1,1,gAP-9H8AAAAJ,1"
1982,"1,gAP-9H8AAAAJ"
1982,"1,1,1,gAP-9H8AAAAJ,1"
1982,"2,gAP-9H8AAAAJ"
1982,"1,1,1,gAP-9H8AAAAJ,1"
1982,"1,2,gAP-9H8AAAAJ"
1982,"1,1,1,1,1,gAP-9H8AAAAJ"
1982,"1,2,gAP-9H8AAAAJ"
1982,"1,gb2r2ssAAAAJ,1,1"
1982,"GdZvLR0AAAAJ,0"
1982,"GdZvLR0AAAAJ,0"
1982,"2,0,GerRNbUAAAAJ,0"
1982,"0,gglBK4QAAAAJ"
1982,"0,gglBK4QAAAAJ"
1982,"0,gglBK4QAAAAJ"
1982,"0,GglcIVYAAAAJ,p2Kq0Q4AAAAJ"
1982,"1,gGSiW3YAAAAJ,1"
1982,"1,gGSiW3YAAAAJ,1"
1982,"1,1,1,gGSiW3YAAAAJ,1"
1982,"1,1,1,gGSiW3YAAAAJ,1"
1982,"gGSiW3YAAAAJ"
1982,"0,2,GljRwkUAAAAJ,0,2,2"
1982,"0,0,0,GljRwkUAAAAJ,0"
1982,"GmcChLIAAAAJ,1"
1982,"GmcChLIAAAAJ,1"
1982,"GmcChLIAAAAJ"
1982,"1,GmcChLIAAAAJ,1,1"
1982,"1,gMQWxE0AAAAJ"
1982,"1,gMQWxE0AAAAJ"
1982,"1,gMQWxE0AAAAJ"
1982,"0,GnDVXWcAAAAJ"
1982,"GnDVXWcAAAAJ"
1982,"0,GPlRHI8AAAAJ"
1982,"GqI1Ma4AAAAJ,0"
1982,"gQOKAggAAAAJ"
1982,"GRGOG1AAAAAJ,1"
1982,"grYHYo0AAAAJ"
1982,"2,GUAoEcAAAAAJ"
1982,"1,GUAoEcAAAAAJ"
1982,"2,1,GUAoEcAAAAAJ"
1982,"GUAoEcAAAAAJ"
1982,"GUAoEcAAAAAJ"
1982,"1,1,guhwcP8AAAAJ,1"
1982,"1,guhwcP8AAAAJ,1,1,1"
1982,"gVZmNskAAAAJ"
1982,"gWBoNCsAAAAJ,1"
1982,"gWBoNCsAAAAJ,1"
1982,"gyIf7XIAAAAJ,1"
1982,"G_9MWCgAAAAJ"
1982,"G_9MWCgAAAAJ"
1982,"G_9MWCgAAAAJ"
1982,"0,0,g_oE5yUAAAAJ"
1982,"0,0,g_oE5yUAAAAJ,0,0"
1982,"0,0,g_oE5yUAAAAJ,0,0"
1982,"H1XVLwsAAAAJ"
1982,"H1XVLwsAAAAJ,2,1"
1982,"H1XVLwsAAAAJ"
1982,"h4i4fh8AAAAJ"
1982,"h4i4fh8AAAAJ,1"
1982,"h4i4fh8AAAAJ"
1982,"h4i4fh8AAAAJ"
1982,"h4i4fh8AAAAJ"
1982,"h4i4fh8AAAAJ"
1982,"1,h4i4fh8AAAAJ"
1982,"h4i4fh8AAAAJ"
1982,"h4i4fh8AAAAJ,1"
1982,"h4i4fh8AAAAJ"
1982,"HaI6LesAAAAJ,1"
1982,"2,1,1,1,HaI6LesAAAAJ,blwKAkUAAAAJ"
1982,"2,1,1,1,HaI6LesAAAAJ,blwKAkUAAAAJ"
1982,"HaI6LesAAAAJ"
1982,"HaI6LesAAAAJ"
1982,"2,1,1,1,HaI6LesAAAAJ,blwKAkUAAAAJ"
1982,"1,HaI6LesAAAAJ"
1982,"0,HBgEJU0AAAAJ,0,0"
1982,"HBgEJU0AAAAJ,0,0,0"
1982,"lR-CRA0AAAAJ,HBgEJU0AAAAJ"
1982,"lR-CRA0AAAAJ,HBgEJU0AAAAJ"
1982,"lR-CRA0AAAAJ,HBgEJU0AAAAJ,0"
1982,"lR-CRA0AAAAJ,HBgEJU0AAAAJ"
1982,"HBgEJU0AAAAJ,0"
1982,"heYuqBkAAAAJ,1,1"
1982,"1,1,hgOSI1EAAAAJ,1"
1982,"hjYT3JYAAAAJ"
1982,"hKeWP2sAAAAJ,0"
1982,"hKeWP2sAAAAJ,0,0,0"
1982,"HKGYvu4AAAAJ"
1982,"HKGYvu4AAAAJ,1"
1982,"1,HKGYvu4AAAAJ,1"
1982,"0,hoGTGlMAAAAJ,0,0,0"
1982,"hS9gtcwAAAAJ,0"
1982,"0,htRNTnYAAAAJ"
1982,"0,htRNTnYAAAAJ,2"
1982,"0,htRNTnYAAAAJ"
1982,"0,htRNTnYAAAAJ"
1982,"0,htRNTnYAAAAJ"
1982,"hv59470AAAAJ,0,2,0"
1982,"hv_GqN4AAAAJ"
1982,"hv_GqN4AAAAJ,0"
1982,"hv_GqN4AAAAJ"
1982,"0,hv_GqN4AAAAJ"
1982,"0,0,hwqQOpUAAAAJ"
1982,"2,hybHuxYAAAAJ"
1982,"h_MOIUUAAAAJ,0"
1982,"h_MOIUUAAAAJ,0"
1982,"h_MOIUUAAAAJ,0"
1982,"h_MOIUUAAAAJ"
1982,"h_MOIUUAAAAJ,0"
1982,"I-rKkyEAAAAJ,1"
1982,"I-rKkyEAAAAJ"
1982,"1,I-rKkyEAAAAJ"
1982,"icGNWj4AAAAJ,1"
1982,"icGNWj4AAAAJ"
1982,"icGNWj4AAAAJ"
1982,"ID4wZFwAAAAJ"
1982,"ID4wZFwAAAAJ"
1982,"1,ID4wZFwAAAAJ"
1982,"ID4wZFwAAAAJ"
1982,"1,ID4wZFwAAAAJ"
1982,"ID4wZFwAAAAJ"
1982,"IdRYT-8AAAAJ"
1982,"0,IeBc5OsAAAAJ,0,0"
1982,"0,IeBc5OsAAAAJ,0,0,0,0,0"
1982,"1,IEHo6YcAAAAJ,1"
1982,"0,Ieo0BVEAAAAJ"
1982,"Ieo0BVEAAAAJ"
1982,"igVM0AEAAAAJ,0,0"
1982,"0,igVM0AEAAAAJ,0"
1982,"0,igVM0AEAAAAJ,0"
1982,"iLQqwosAAAAJ"
1982,"iLQqwosAAAAJ,1"
1982,"iLQqwosAAAAJ,1"
1982,"1,iLQqwosAAAAJ"
1982,"1,iLQqwosAAAAJ,1,1"
1982,"iLQqwosAAAAJ,1"
1982,"0,0,IPbxgZkAAAAJ"
1982,"0,0,0,0,0,0,0,0,0,0,0,IPbxgZkAAAAJ"
1982,"0,0,0,0,IPbxgZkAAAAJ,0"
1982,"0,0,0,0,0,0,0,0,0,0,0,0,0,0,0,IPbxgZkAAAAJ,0,0"
1982,"0,0,0,0,0,0,0,0,0,0,0,0,0,0,IPbxgZkAAAAJ,0"
1982,"0,0,IPbxgZkAAAAJ"
1982,"0,0,IPbxgZkAAAAJ"
1982,"0,0,IPbxgZkAAAAJ"
1982,"0,0,0,0,0,IPbxgZkAAAAJ"
1982,"0,IPbxgZkAAAAJ,0"
1982,"0,0,0,0,0,IPbxgZkAAAAJ"
1982,"1,it1vhYAAAAAJ,1"
1982,"1,it1vhYAAAAAJ"
1982,"it1vhYAAAAAJ,1"
1982,"it1vhYAAAAAJ"
1982,"1,it1vhYAAAAAJ"
1982,"it1vhYAAAAAJ"
1982,"1,it1vhYAAAAAJ"
1982,"1,it1vhYAAAAAJ,1"
1982,"1,it1vhYAAAAAJ"
1982,"1,it1vhYAAAAAJ"
1982,"2,1,it1vhYAAAAAJ"
1982,"1,1,1,it1vhYAAAAAJ"
1982,"it1vhYAAAAAJ"
1982,"iTii9qEAAAAJ,0"
1982,"0,iTii9qEAAAAJ"
1982,"2,iTii9qEAAAAJ"
1982,"0,0,iTii9qEAAAAJ"
1982,"0,iTii9qEAAAAJ"
1982,"iTii9qEAAAAJ,0"
1982,"0,0,iTii9qEAAAAJ,0"
1982,"iTii9qEAAAAJ"
1982,"IWdFbTQAAAAJ,0,0"
1982,"56qcx4MAAAAJ,1,izMnGyMAAAAJ"
1982,"izMnGyMAAAAJ"
1982,"56qcx4MAAAAJ,1,1,1,1,1,izMnGyMAAAAJ"
1982,"izVO9pYAAAAJ,0,0"
1982,"izVO9pYAAAAJ,0,0"
1982,"J09a41oAAAAJ,0"
1982,"0,J1a81tAAAAAJ"
1982,"0,J1a81tAAAAAJ"
1982,"J8FwD7cAAAAJ"
1982,"0,J8FwD7cAAAAJ"
1982,"J8FwD7cAAAAJ,0"
1982,"J8FwD7cAAAAJ,0,0,2"
1982,"0,0,0,J9Pa_8EAAAAJ,0"
1982,"0,0,0,0,2,J9Pa_8EAAAAJ"
1982,"0,0,0,0,0,0,0,0,0,0,0,0,0,0,0,0,0,0,0,0,0,0,0,0,0,0,2,0,0,0,0,0,0,0,0,0,0,0,0,0,0,2,2,2,0,0,0,0,2,0,0,0,0,0,0,0,0,0,0,0,0,2,0,0,0,0,0,0,0,0,0,0,0,0,0,0,0,0,0,J9Pa_8EAAAAJ,0,0,0,0,0,0,0,0,0,0,0,0,0,0,2,0,0,0,0,0"
1982,"0,J9Pa_8EAAAAJ,0"
1982,"0,0,J9Pa_8EAAAAJ,0,0,0,0"
1982,"0,J9Pa_8EAAAAJ,0"
1982,"0,0,0,0,2,J9Pa_8EAAAAJ"
1982,"jB4y-j4AAAAJ,2"
1982,"jB4y-j4AAAAJ,0,0"
1982,"2,jB4y-j4AAAAJ,0,0"
1982,"jGboazkAAAAJ,2"
1982,"jGboazkAAAAJ"
1982,"jGboazkAAAAJ,0,2"
1982,"jGboazkAAAAJ,0"
1982,"jh3Z4esAAAAJ,0"
1982,"jh3Z4esAAAAJ,0"
1982,"1,jJPSj0IAAAAJ,2"
1982,"JLKYG_cAAAAJ"
1982,"JLKYG_cAAAAJ"
1982,"1,JNPbTdIAAAAJ"
1982,"JNPbTdIAAAAJ,1,1"
1982,"jNUs6LsAAAAJ,0"
1982,"jNUs6LsAAAAJ,0,0"
1982,"jNUs6LsAAAAJ"
1982,"0,0,0,0,jNUs6LsAAAAJ,0,0,0,0,0,0"
1982,"jNUs6LsAAAAJ,0"
1982,"jNUs6LsAAAAJ"
1982,"jNUs6LsAAAAJ,0,0"
1982,"0,jo4B96sAAAAJ"
1982,"0,0,jo4B96sAAAAJ"
1982,"jOpgDgsAAAAJ"
1982,"0,jOpgDgsAAAAJ"
1982,"jOpgDgsAAAAJ"
1982,"0,jOpgDgsAAAAJ"
1982,"0,0,jOpgDgsAAAAJ"
1982,"0,0,JPM3RdEAAAAJ,0,0"
1982,"0,JPM3RdEAAAAJ,0,0"
1982,"0,JPM3RdEAAAAJ"
1982,"JPM3RdEAAAAJ"
1982,"0,JPM3RdEAAAAJ"
1982,"JPM3RdEAAAAJ,0"
1982,"Jq3hCsYAAAAJ"
1982,"0,Jq3hCsYAAAAJ,0"
1982,"Jq3hCsYAAAAJ"
1982,"0,Jr0P0Z4AAAAJ,0,0"
1982,"Jr0P0Z4AAAAJ,0"
1982,"0,0,Jr0P0Z4AAAAJ,0,0"
1982,"0,Jr0P0Z4AAAAJ"
1982,"0,0,Jr0P0Z4AAAAJ,0"
1982,"R8yXxqkAAAAJ,0,Jr0P0Z4AAAAJ,0,0"
1982,"0,Jr0P0Z4AAAAJ,0"
1982,"0,Jua_FnwAAAAJ"
1982,"0,Jua_FnwAAAAJ"
1982,"jUzA3H8AAAAJ"
1982,"1,jUzA3H8AAAAJ"
1982,"0,jzHG0ssAAAAJ"
1982,"0,0,0,K7y6AEEAAAAJ"
1982,"kBGGEjUAAAAJ,1"
1982,"KBqO-U0AAAAJ,2"
1982,"KBqO-U0AAAAJ,0"
1982,"0,KBqO-U0AAAAJ,0,0,0,0,0,0,0,0"
1982,"KCiDjbkAAAAJ,2"
1982,"keQw9LQAAAAJ"
1982,"0,0,kiQQEhMAAAAJ"
1982,"KIv0fKQAAAAJ,0,2"
1982,"2,KIv0fKQAAAAJ,0"
1982,"kiZj3UcAAAAJ,0"
1982,"kiZj3UcAAAAJ,0"
1982,"0,KlJrz9MAAAAJ,0"
1982,"0,KlJrz9MAAAAJ,0"
1982,"kMK1IvwAAAAJ,0,0"
1982,"0,kMK1IvwAAAAJ,0,0"
1982,"0,kMK1IvwAAAAJ,0,0"
1982,"kMK1IvwAAAAJ,1z3mv7EAAAAJ,0"
1982,"kMK1IvwAAAAJ,1z3mv7EAAAAJ"
1982,"kMK1IvwAAAAJ,2,0,0"
1982,"0,kMK1IvwAAAAJ,0"
1982,"kMK1IvwAAAAJ,0"
1982,"0,kMK1IvwAAAAJ,0"
1982,"kMK1IvwAAAAJ"
1982,"kMK1IvwAAAAJ,0,0"
1982,"KRuCIOQAAAAJ"
1982,"KRuCIOQAAAAJ"
1982,"cYmUpBQAAAAJ,KRuCIOQAAAAJ"
1982,"0,2,0,KRZoh34AAAAJ,0,2,0,0"
1982,"kUMiOQMAAAAJ,0"
1982,"kUMiOQMAAAAJ"
1982,"kUMiOQMAAAAJ,0"
1982,"1,1,KWiJaj8AAAAJ"
1982,"KxBH0U4AAAAJ"
1982,"0,0,KxBH0U4AAAAJ,0,0,0,0"
1982,"1,kYK4tvsAAAAJ"
1982,"1,KZFo7ZkAAAAJ,1,1"
1982,"KZFo7ZkAAAAJ,1"
1982,"1,KZFo7ZkAAAAJ,1"
1982,"KZFo7ZkAAAAJ,1"
1982,"KZFo7ZkAAAAJ,1"
1982,"0,0,0,0,0,0,L3Z66_gAAAAJ,0,0,0,2"
1982,"lB5lqocAAAAJ"
1982,"lB5lqocAAAAJ,0,0,A2t0N8AAAAAJ"
1982,"lB5lqocAAAAJ"
1982,"lB5lqocAAAAJ,0"
1982,"1,lc0ARagAAAAJ"
1982,"1,lc0ARagAAAAJ"
1982,"lc0ARagAAAAJ,1"
1982,"lc0ARagAAAAJ"
1982,"lc0ARagAAAAJ"
1982,"lc0ARagAAAAJ,1,2"
1982,"1,1,lc0ARagAAAAJ,1"
1982,"0,Le4ScQcAAAAJ,0"
1982,"lh527_4AAAAJ,0"
1982,"lh527_4AAAAJ"
1982,"0,lh527_4AAAAJ"
1982,"Lk38PP0AAAAJ,0,0"
1982,"Lk38PP0AAAAJ,0,0,0,0"
1982,"0,lL7fslgAAAAJ"
1982,"1,lMV_QwEAAAAJ"
1982,"1,LPTkkxUAAAAJ,1"
1982,"LPTkkxUAAAAJ"
1982,"1,1,1,LPTkkxUAAAAJ,2"
1982,"1,LPTkkxUAAAAJ,1"
1982,"1,1,1,LPTkkxUAAAAJ,2"
1982,"LPTkkxUAAAAJ"
1982,"1,LPTkkxUAAAAJ"
1982,"1,LQ87h3sAAAAJ"
1982,"lR-CRA0AAAAJ,HBgEJU0AAAAJ"
1982,"lR-CRA0AAAAJ,HBgEJU0AAAAJ"
1982,"lR-CRA0AAAAJ,HBgEJU0AAAAJ,0"
1982,"lR-CRA0AAAAJ,HBgEJU0AAAAJ"
1982,"0,0,0,0,lRTRxSIAAAAJ,0,0"
1982,"ls1xrQgAAAAJ,2"
1982,"0,0,ls1xrQgAAAAJ,0,0"
1982,"ls1xrQgAAAAJ,0"
1982,"LSkqsVYAAAAJ"
1982,"LSkqsVYAAAAJ"
1982,"LSkqsVYAAAAJ"
1982,"LSkqsVYAAAAJ"
1982,"LSkqsVYAAAAJ"
1982,"LSkqsVYAAAAJ"
1982,"LsuWoRoAAAAJ"
1982,"Luwlu-0AAAAJ,0"
1982,"0,0,Luwlu-0AAAAJ"
1982,"0,Luwlu-0AAAAJ"
1982,"1,LV1qWjgAAAAJ"
1982,"l_9TshUAAAAJ,0,0"
1982,"0,0,l_K1pgUAAAAJ"
1982,"0,0,2,l_K1pgUAAAAJ"
1982,"m1qAiOUAAAAJ"
1982,"2,1,1,m1qAiOUAAAAJ"
1982,"M6uUMREAAAAJ,0"
1982,"0,M6uUMREAAAAJ,0"
1982,"M6uUMREAAAAJ,0,0"
1982,"0,m6_ZE3MAAAAJ"
1982,"0,m6_ZE3MAAAAJ"
1982,"0,m6_ZE3MAAAAJ"
1982,"m6_ZE3MAAAAJ,0"
1982,"m6_ZE3MAAAAJ,0"
1982,"m6_ZE3MAAAAJ,0"
1982,"0,MCWcNrgAAAAJ,0"
1982,"0,0,MCWcNrgAAAAJ,0"
1982,"mF8cdJUAAAAJ,0"
1982,"mF8cdJUAAAAJ,0"
1982,"mF8cdJUAAAAJ"
1982,"0,mF8cdJUAAAAJ"
1982,"mhlvI8wAAAAJ,1"
1982,"0,Mhs-k4IAAAAJ"
1982,"0,0,Mhs-k4IAAAAJ"
1982,"1,MjmBY5AAAAAJ,1,1,1,1"
1982,"0,0,MK2UiHcAAAAJ,0"
1982,"0,0,0,0,MK2UiHcAAAAJ"
1982,"0,0,MK2UiHcAAAAJ,0"
1982,"1,1,1,mn1QyYgAAAAJ"
1982,"MnfzuPYAAAAJ"
1982,"1,1,MnfzuPYAAAAJ"
1982,"moocej8AAAAJ"
1982,"MwIL3roAAAAJ,2,1,1"
1982,"0,M_wn8q0AAAAJ"
1982,"n7HjYQoAAAAJ"
1982,"n7HjYQoAAAAJ"
1982,"1,1,N7sfFpcAAAAJ"
1982,"N7sfFpcAAAAJ"
1982,"narQv40AAAAJ,0"
1982,"narQv40AAAAJ,0"
1982,"0,0,nAtfgOYAAAAJ"
1982,"ncgNqP8AAAAJ,0,0,2"
1982,"ncgNqP8AAAAJ"
1982,"ncgNqP8AAAAJ"
1982,"ncgNqP8AAAAJ"
1982,"NCQ3E5sAAAAJ"
1982,"NCQ3E5sAAAAJ"
1982,"1,nDH-AqwAAAAJ"
1982,"nDH-AqwAAAAJ,1"
1982,"nDH-AqwAAAAJ"
1982,"nDH-AqwAAAAJ"
1982,"1,NdIeYpEAAAAJ"
1982,"0,0,0,0,0,NdNSXFkAAAAJ,QWORzTUAAAAJ,2,FA3SUH4AAAAJ,0"
1982,"nFdbcvsAAAAJ,1"
1982,"1,NhnK838AAAAJ,1"
1982,"NhY4TT4AAAAJ,1"
1982,"NhY4TT4AAAAJ,1"
1982,"1,NhY4TT4AAAAJ,1,1,1,1,1"
1982,"niE2OkIAAAAJ"
1982,"niE2OkIAAAAJ"
1982,"0,nK3RdOIAAAAJ,2"
1982,"nK3RdOIAAAAJ,0"
1982,"nK3RdOIAAAAJ,2,0"
1982,"nK3RdOIAAAAJ,q92q8SMAAAAJ"
1982,"0,0,nK3RdOIAAAAJ"
1982,"NqDgVtcAAAAJ,0,0"
1982,"NqDgVtcAAAAJ,0,0"
1982,"NqDgVtcAAAAJ,0,0,0"
1982,"NqDgVtcAAAAJ,0,0,0"
1982,"NqDgVtcAAAAJ,0,0,0"
1982,"1,nvKQ7JQAAAAJ"
1982,"nwfZfqoAAAAJ"
1982,"0,nwNHXf4AAAAJ,0,0"
1982,"nwNHXf4AAAAJ,0,1z3mv7EAAAAJ,0"
1982,"nwNHXf4AAAAJ,0"
1982,"0,nwNHXf4AAAAJ,0,2,0,0"
1982,"nwNHXf4AAAAJ,2"
1982,"nwNHXf4AAAAJ,0,0"
1982,"nwNHXf4AAAAJ,0"
1982,"nwNHXf4AAAAJ,0,0,0,1z3mv7EAAAAJ"
1982,"0,0,nwNHXf4AAAAJ,0,2,0,0"
1982,"nwNHXf4AAAAJ,0,0"
1982,"0,nwNHXf4AAAAJ,0,0"
1982,"0,nwNHXf4AAAAJ,0"
1982,"nwNHXf4AAAAJ"
1982,"NWuJZEAAAAAJ"
1982,"NWuJZEAAAAAJ"
1982,"2,0,nXJkAnAAAAAJ"
1982,"0,0,nXJkAnAAAAAJ,0"
1982,"0,nXJkAnAAAAAJ"
1982,"0,0,0,0,nXJkAnAAAAAJ"
1982,"0,nXJkAnAAAAAJ,0"
1982,"0,0,o4suLN4AAAAJ"
1982,"0,0,o4suLN4AAAAJ"
1982,"0,0,o4suLN4AAAAJ"
1982,"0,o4suLN4AAAAJ"
1982,"0,0,0,o4suLN4AAAAJ"
1982,"oAaMfQsAAAAJ,1"
1982,"oAaMfQsAAAAJ,1"
1982,"oAaMfQsAAAAJ,1"
1982,"oAaMfQsAAAAJ,1,1"
1982,"oAaMfQsAAAAJ,1"
1982,"0,oAj9a-wAAAAJ"
1982,"oAj9a-wAAAAJ"
1982,"2,oAj9a-wAAAAJ"
1982,"oAj9a-wAAAAJ"
1982,"0,0,ObnLfeoAAAAJ,0,0,0,0,0"
1982,"0,0,ObnLfeoAAAAJ,0,0,0,0"
1982,"oclouSEAAAAJ"
1982,"oclouSEAAAAJ"
1982,"oEHd9sMAAAAJ,1,2"
1982,"1,oFiuaXEAAAAJ"
1982,"vL6ubpMAAAAJ,1,oFiuaXEAAAAJ"
1982,"1,OGbi6t0AAAAJ"
1982,"ogj8ppAAAAAJ"
1982,"ogj8ppAAAAAJ,2"
1982,"1,1,ogj8ppAAAAAJ"
1982,"1,ogj8ppAAAAAJ,1,1,1"
1982,"1,1,ogj8ppAAAAAJ"
1982,"ogVUBZIAAAAJ,0,0,0"
1982,"Ohw-I2sAAAAJ,0,0"
1982,"Ohw-I2sAAAAJ,0,0"
1982,"Ohw-I2sAAAAJ,0,0"
1982,"Ohw-I2sAAAAJ,0,0"
1982,"Ohw-I2sAAAAJ,0"
1982,"Ohw-I2sAAAAJ,0,0,0,0"
1982,"okJj8GYAAAAJ"
1982,"0,0,oKRMzLMAAAAJ"
1982,"0,0,2,0,oKRMzLMAAAAJ"
1982,"0,oKRMzLMAAAAJ"
1982,"ONloO5IAAAAJ,1"
1982,"ONloO5IAAAAJ,1"
1982,"ONloO5IAAAAJ,1"
1982,"ONloO5IAAAAJ,1"
1982,"OOLe2TIAAAAJ,2,blwKAkUAAAAJ"
1982,"1,oq8WAwsAAAAJ"
1982,"2,OQbV_3UAAAAJ"
1982,"Ormag-QAAAAJ"
1982,"Ormag-QAAAAJ,1"
1982,"0,OSxYKeQAAAAJ,0,0,0,0,0"
1982,"0,OSxYKeQAAAAJ,0,0,0,0,0,0"
1982,"0,OSxYKeQAAAAJ,0,0,0,0,0"
1982,"0,OSxYKeQAAAAJ,0,0"
1982,"OSxYKeQAAAAJ"
1982,"0,OSxYKeQAAAAJ,0,0,0,0,0"
1982,"0,OSxYKeQAAAAJ,0"
1982,"0,OSxYKeQAAAAJ,0,0,0,0,0"
1982,"0,0,OSxYKeQAAAAJ,0"
1982,"OtbhlmIAAAAJ"
1982,"0,otivCBQAAAAJ"
1982,"0,0,otivCBQAAAAJ"
1982,"0,0,otivCBQAAAAJ"
1982,"0,0,otivCBQAAAAJ"
1982,"2,0,0,otivCBQAAAAJ"
1982,"0,otivCBQAAAAJ"
1982,"0,ouLKf2YAAAAJ"
1982,"0,0,0,ouLKf2YAAAAJ,0"
1982,"ouLKf2YAAAAJ,0"
1982,"ouLKf2YAAAAJ,0"
1982,"0,2,2,ouLKf2YAAAAJ,0"
1982,"oy7TshoAAAAJ"
1982,"1,O_7MVDIAAAAJ"
1982,"1,O_7MVDIAAAAJ"
1982,"0,0,0,p2Kq0Q4AAAAJ"
1982,"0,2,p2Kq0Q4AAAAJ"
1982,"1,p2ttvlEAAAAJ"
1982,"1,1,1,2,2,1,1,p5oWQ0AAAAAJ,1"
1982,"1,p5oWQ0AAAAAJ"
1982,"p5oWQ0AAAAAJ"
1982,"pAUVJS0AAAAJ"
1982,"pAUVJS0AAAAJ,1"
1982,"1,pAUVJS0AAAAJ"
1982,"0,PCSnKs8AAAAJ"
1982,"PCSnKs8AAAAJ"
1982,"0,PCSnKs8AAAAJ,0"
1982,"PCSnKs8AAAAJ"
1982,"PCSnKs8AAAAJ"
1982,"pEU-dQUAAAAJ,0,0,0"
1982,"pEU-dQUAAAAJ"
1982,"pEU-dQUAAAAJ"
1982,"PF5yTcsAAAAJ,0"
1982,"PF5yTcsAAAAJ"
1982,"PF5yTcsAAAAJ"
1982,"pGGjfS8AAAAJ,0,0"
1982,"1,1,Ph16U5wAAAAJ"
1982,"2,1,Ph16U5wAAAAJ"
1982,"0,0,PiddTHsAAAAJ,0"
1982,"pK034F0AAAAJ,PqtYDZQAAAAJ,0,2"
1982,"pK034F0AAAAJ,PqtYDZQAAAAJ,0"
1982,"1,1,1,PkfChMgAAAAJ"
1982,"2,PkfChMgAAAAJ,1"
1982,"PkfChMgAAAAJ"
1982,"1,PkfChMgAAAAJ"
1982,"pKuBFaQAAAAJ,rNTIQXYAAAAJ"
1982,"plYoF-MAAAAJ,1"
1982,"1,PogsVkYAAAAJ,1"
1982,"1,1,PogsVkYAAAAJ"
1982,"0,PqtYDZQAAAAJ,0,2"
1982,"0,PqtYDZQAAAAJ,0"
1982,"0,PqtYDZQAAAAJ,0"
1982,"0,PqtYDZQAAAAJ,0,2"
1982,"PqtYDZQAAAAJ,2"
1982,"0,0,0,PqtYDZQAAAAJ,0"
1982,"PqtYDZQAAAAJ,0"
1982,"0,PVdueKUAAAAJ,0"
1982,"PVdueKUAAAAJ,0,0,0"
1982,"1,1,pwhyTq0AAAAJ"
1982,"0,py3k-ykAAAAJ"
1982,"PyM-ZRAAAAAJ,0,0"
1982,"PyuqtQcAAAAJ"
1982,"PyuqtQcAAAAJ"
1982,"q-t3rScAAAAJ,0"
1982,"q5SugFoAAAAJ,0"
1982,"q6LXYtUAAAAJ"
1982,"1,q6LXYtUAAAAJ"
1982,"q6LXYtUAAAAJ"
1982,"q92q8SMAAAAJ"
1982,"1,q92q8SMAAAAJ,1"
1982,"0,q9z6Pt8AAAAJ"
1982,"q9z6Pt8AAAAJ,0"
1982,"q9z6Pt8AAAAJ,0"
1982,"1,QaLf6bEAAAAJ,1,1"
1982,"QaLf6bEAAAAJ,1,1"
1982,"QaLf6bEAAAAJ,1"
1982,"0,0,Qd1nLUYAAAAJ"
1982,"QeRUVr0AAAAJ,1,1"
1982,"1,qe_J1w4AAAAJ"
1982,"0,qgfEdwUAAAAJ"
1982,"0,0,0,0,0,0,QgGaAdsAAAAJ"
1982,"0,QgGaAdsAAAAJ"
1982,"0,QgGaAdsAAAAJ"
1982,"0,qHKTzjEAAAAJ"
1982,"0,qHKTzjEAAAAJ"
1982,"0,Qjb5DnwAAAAJ"
1982,"Qjb5DnwAAAAJ,0"
1982,"Qjb5DnwAAAAJ"
1982,"qlpCtxAAAAAJ,0,0"
1982,"0,qlpCtxAAAAAJ,0"
1982,"qlpCtxAAAAAJ,0,0,0"
1982,"qlpCtxAAAAAJ,0,0"
1982,"qlpCtxAAAAAJ,0,0,0,0,0"
1982,"qNznu3kAAAAJ,2"
1982,"1,qNznu3kAAAAJ"
1982,"2,0,qQLlBH4AAAAJ"
1982,"2,0,qQLlBH4AAAAJ,0,2"
1982,"2,qQLlBH4AAAAJ,2"
1982,"0,0,0,0,0,0,QWORzTUAAAAJ,2,FA3SUH4AAAAJ,0"
1982,"qY26R4kAAAAJ,0"
1982,"0,R1Wg5b8AAAAJ"
1982,"0,0,0,0,0,R1Wg5b8AAAAJ"
1982,"0,0,R1Wg5b8AAAAJ,0,0"
1982,"0,R1Wg5b8AAAAJ,0"
1982,"0,R1Wg5b8AAAAJ"
1982,"R2isddoAAAAJ,0,0,0,0,0"
1982,"R2isddoAAAAJ"
1982,"R2isddoAAAAJ,0"
1982,"R2isddoAAAAJ,0"
1982,"r5al7kkAAAAJ"
1982,"r5al7kkAAAAJ,0"
1982,"r5al7kkAAAAJ"
1982,"0,R8yXxqkAAAAJ"
1982,"R8yXxqkAAAAJ,0,Jr0P0Z4AAAAJ,0,0"
1982,"R8yXxqkAAAAJ,0"
1982,"R8yXxqkAAAAJ,0,0,0,0"
1982,"0,R8yXxqkAAAAJ,Jr0P0Z4AAAAJ,0"
1982,"R8yXxqkAAAAJ,Jr0P0Z4AAAAJ,0"
1982,"0,R8yXxqkAAAAJ,0,0"
1982,"R8yXxqkAAAAJ,0"
1982,"0,R8yXxqkAAAAJ,0"
1982,"R9Fr5oIAAAAJ,0,0,0,0"
1982,"R9Fr5oIAAAAJ,0,0"
1982,"R9Fr5oIAAAAJ,0,0"
1982,"R9Fr5oIAAAAJ,0,0"
1982,"RBuoCYEAAAAJ"
1982,"rE4Tz3YAAAAJ,1"
1982,"1,rE4Tz3YAAAAJ"
1982,"1,rE4Tz3YAAAAJ,1"
1982,"rHu-NogAAAAJ,0"
1982,"1,rNTIQXYAAAAJ"
1982,"1,1,rNTIQXYAAAAJ"
1982,"pKuBFaQAAAAJ,rNTIQXYAAAAJ"
1982,"rPDABdMAAAAJ,0,0,0,0"
1982,"0,0,0,0,0,RRaDXNQAAAAJ"
1982,"rUiWchkAAAAJ,1,2"
1982,"0,0,RXOSedcAAAAJ"
1982,"1,rXYLXJMAAAAJ,1"
1982,"rXYLXJMAAAAJ"
1982,"rXYLXJMAAAAJ,1"
1982,"rXYLXJMAAAAJ,_pPy-pAAAAAJ"
1982,"rXYLXJMAAAAJ,1"
1982,"rXYLXJMAAAAJ,_pPy-pAAAAAJ"
1982,"rXYLXJMAAAAJ,bWTPrLEAAAAJ"
1982,"1,1,RzEnQmgAAAAJ"
1982,"0,RznCjloAAAAJ"
1982,"1,1,s-4VGIQAAAAJ"
1982,"1,s-4VGIQAAAAJ"
1982,"s-4VGIQAAAAJ"
1982,"s-4VGIQAAAAJ"
1982,"s-FMUNgAAAAJ"
1982,"s-FMUNgAAAAJ,0"
1982,"s-FMUNgAAAAJ"
1982,"s-FMUNgAAAAJ,0"
1982,"s-FMUNgAAAAJ"
1982,"S02AuR4AAAAJ"
1982,"S5AaMfgAAAAJ,1,1"
1982,"S6-gFiMAAAAJ,0,0,0,0,0,0,0,2,0,0"
1982,"sAkg9T8AAAAJ,1,1,1"
1982,"sAkg9T8AAAAJ,1"
1982,"sAkg9T8AAAAJ,1,1"
1982,"1,sAkg9T8AAAAJ,1,1,1,1,1,1,1"
1982,"sAkg9T8AAAAJ,1"
1982,"SbHBJa3S3XgC,1"
1982,"A9tBw58AAAAJ,SbHBJa3S3XgC"
1982,"SbHBJa3S3XgC"
1982,"sbI6gvAAAAAJ,0"
1982,"2,sbI6gvAAAAAJ,0"
1982,"sbI6gvAAAAAJ,0"
1982,"sbI6gvAAAAAJ,0"
1982,"sbI6gvAAAAAJ,0,0"
1982,"sbI6gvAAAAAJ,0"
1982,"sbI6gvAAAAAJ,0"
1982,"sbI6gvAAAAAJ,0,0"
1982,"sbI6gvAAAAAJ,0"
1982,"0,0,sbyIxv0AAAAJ"
1982,"sbyIxv0AAAAJ,0,0"
1982,"0,sbyIxv0AAAAJ,0,0"
1982,"sbyIxv0AAAAJ,0,0,0"
1982,"1,SeW3bhwAAAAJ"
1982,"SeW3bhwAAAAJ"
1982,"0,Sf_1jXkAAAAJ"
1982,"0,Sf_1jXkAAAAJ"
1982,"0,Sf_1jXkAAAAJ"
1982,"0,Sf_1jXkAAAAJ"
1982,"SG5c300AAAAJ"
1982,"SG5c300AAAAJ,0"
1982,"SG5c300AAAAJ,2"
1982,"SG5c300AAAAJ,0"
1982,"sGPW9jAAAAAJ"
1982,"0,0,0,0,SgQislgAAAAJ"
1982,"0,0,0,SgQislgAAAAJ,0,0"
1982,"0,SgQislgAAAAJ,0"
1982,"si3UgDwAAAAJ,0,0,0,0"
1982,"sm9xJEkAAAAJ,1,1"
1982,"sUPIHAQAAAAJ"
1982,"sUPIHAQAAAAJ"
1982,"svnoYbAAAAAJ,0"
1982,"0,svnoYbAAAAAJ"
1982,"0,svnoYbAAAAAJ,0"
1982,"svnoYbAAAAAJ,0"
1982,"svnoYbAAAAAJ,2"
1982,"0,svnoYbAAAAAJ,0"
1982,"sxjynOsAAAAJ,1"
1982,"sxjynOsAAAAJ"
1982,"t-VqN7sAAAAJ"
1982,"T2tYWWMAAAAJ,0"
1982,"TarnQO8AAAAJ"
1982,"TarnQO8AAAAJ"
1982,"TarnQO8AAAAJ"
1982,"TarnQO8AAAAJ"
1982,"TdPArcoAAAAJ,2"
1982,"0,0,0,TdPArcoAAAAJ"
1982,"0,TdPArcoAAAAJ"
1982,"0,0,0,tfe0tsIAAAAJ"
1982,"0,0,tfe0tsIAAAAJ,0"
1982,"tfe0tsIAAAAJ"
1982,"0,0,tfe0tsIAAAAJ"
1982,"0,0,tfe0tsIAAAAJ"
1982,"0,0,0,tfKjqhEAAAAJ,0,0"
1982,"0,Tg4ndREAAAAJ"
1982,"th--KvkAAAAJ"
1982,"th--KvkAAAAJ"
1982,"tI8OPH0AAAAJ"
1982,"tI8OPH0AAAAJ"
1982,"TJMHkwIAAAAJ,0"
1982,"TJMHkwIAAAAJ"
1982,"TJMHkwIAAAAJ,0,0"
1982,"TJMHkwIAAAAJ,0,0"
1982,"1,tLO-x-IAAAAJ,1,1,1,1"
1982,"1,tp07xT0AAAAJ,1"
1982,"tp07xT0AAAAJ"
1982,"tp07xT0AAAAJ,1"
1982,"1,1,1,2,tp07xT0AAAAJ,1,1,1"
1982,"tp07xT0AAAAJ,1"
1982,"tp07xT0AAAAJ,1"
1982,"1,tp07xT0AAAAJ"
1982,"1,1,2,tp07xT0AAAAJ,1,1,1"
1982,"1,2,tp07xT0AAAAJ,1,1"
1982,"0,0,2,TqxzvywAAAAJ,0"
1982,"0,0,0,tR7uT7UAAAAJ"
1982,"0,0,tR7uT7UAAAAJ,0"
1982,"0,0,tR7uT7UAAAAJ,0"
1982,"0,0,tRfX-ckAAAAJ"
1982,"0,0,TrGbnnwAAAAJ,0"
1982,"0,0,TrGbnnwAAAAJ,0,0,0"
1982,"0,TrGbnnwAAAAJ,0,0,0,0"
1982,"0,0,0,TrGbnnwAAAAJ,0,0"
1982,"0,0,TrGbnnwAAAAJ,0,0,0"
1982,"0,0,TrGbnnwAAAAJ,0,0"
1982,"0,0,TrGbnnwAAAAJ,0,0"
1982,"1,TtJeqqoAAAAJ"
1982,"TUgQVOYAAAAJ"
1982,"TUgQVOYAAAAJ,0"
1982,"TUgQVOYAAAAJ,2"
1982,"0,0,0,TwRylasAAAAJ,0"
1982,"0,txdJApMAAAAJ,0"
1982,"0,txdJApMAAAAJ"
1982,"0,txdJApMAAAAJ"
1982,"txdJApMAAAAJ"
1982,"0,txdJApMAAAAJ"
1982,"0,0,0,0,tXXbdq0AAAAJ,2,2"
1982,"1,U-vDOsIAAAAJ,2,1"
1982,"U-vDOsIAAAAJ,1"
1982,"2,1,U-vDOsIAAAAJ"
1982,"1,1,U-vDOsIAAAAJ"
1982,"0,0,u0X-z5wAAAAJ"
1982,"uc8_eH0AAAAJ"
1982,"UE61txYAAAAJ,0"
1982,"7P3t1woAAAAJ,0,UF1_VRcAAAAJ,2,0"
1982,"UF1_VRcAAAAJ"
1982,"uHwTzpYAAAAJ,1"
1982,"ujDhg2sAAAAJ"
1982,"ujXEG6oAAAAJ"
1982,"ujXEG6oAAAAJ"
1982,"ujXEG6oAAAAJ,1"
1982,"1,1,1,1,1,uLsDDUMAAAAJ,1"
1982,"uSfaEgUAAAAJ"
1982,"uSfaEgUAAAAJ"
1982,"1,uSfaEgUAAAAJ"
1982,"1,uSfaEgUAAAAJ"
1982,"0,0,utnDy7MAAAAJ"
1982,"uWsBKQ0AAAAJ"
1982,"0,UyIBJikAAAAJ"
1982,"0,0,UyIBJikAAAAJ"
1982,"0,0,0,0,UyIBJikAAAAJ"
1982,"0,UyIBJikAAAAJ"
1982,"uZ9G85sAAAAJ,0,0"
1982,"0,0,v0gn6NEAAAAJ,0"
1982,"0,0,v0gn6NEAAAAJ,0"
1982,"1,v6PsQKIAAAAJ,1"
1982,"0,0,V8erWBIAAAAJ"
1982,"0,0,V8erWBIAAAAJ"
1982,"V9bLXZoAAAAJ"
1982,"V9bLXZoAAAAJ,0,0"
1982,"Vbv-JEwAAAAJ,1,1,1,1"
1982,"Vbv-JEwAAAAJ,1,1,1,1"
1982,"0,vBvszjkAAAAJ,2"
1982,"0,vBvszjkAAAAJ"
1982,"0,vBvszjkAAAAJ"
1982,"0,vBvszjkAAAAJ"
1982,"1,VFMbBPgAAAAJ,2,1"
1982,"VFMbBPgAAAAJ"
1982,"0,VioWXMgAAAAJ"
1982,"2,0,2,1wq5H9oAAAAJ,vivnVgIAAAAJ"
1982,"0,0,2,vivnVgIAAAAJ"
1982,"2,0,1wq5H9oAAAAJ,vivnVgIAAAAJ"
1982,"VizsSmEAAAAJ"
1982,"0,0,VjvupJUAAAAJ"
1982,"0,VjvupJUAAAAJ"
1982,"vL6ubpMAAAAJ,1,oFiuaXEAAAAJ"
1982,"vUDs6oEAAAAJ,0,0"
1982,"0,vUDs6oEAAAAJ,0"
1982,"VUmcVOAAAAAJ"
1982,"VUmcVOAAAAAJ,1,1"
1982,"VUmcVOAAAAAJ,1"
1982,"VUmcVOAAAAAJ"
1982,"VUmcVOAAAAAJ"
1982,"VUmcVOAAAAAJ"
1982,"VUmcVOAAAAAJ,1"
1982,"2,vuxET5YAAAAJ"
1982,"vuxET5YAAAAJ"
1982,"0,vuxET5YAAAAJ,0,2,0"
1982,"0,0,vuyeghwAAAAJ"
1982,"0,0,0,0,0,0,VvQ_QYkAAAAJ,0"
1982,"VvQ_QYkAAAAJ"
1982,"Vwi6Ya8AAAAJ"
1982,"Vwi6Ya8AAAAJ"
1982,"Vwi6Ya8AAAAJ"
1982,"vxmUoXEAAAAJ,1,1"
1982,"vxmUoXEAAAAJ"
1982,"1,1,1,1,vxmUoXEAAAAJ,1,1"
1982,"vxmUoXEAAAAJ"
1982,"VXvek_AAAAAJ"
1982,"vY7MdLYAAAAJ,1"
1982,"1,vY7MdLYAAAAJ,1"
1982,"vY7MdLYAAAAJ,1"
1982,"1,1,vygtLDcAAAAJ"
1982,"0,vZq8qQ4AAAAJ"
1982,"vZq8qQ4AAAAJ"
1982,"vZq8qQ4AAAAJ,0,0"
1982,"vZq8qQ4AAAAJ"
1982,"w0Vl_lsAAAAJ"
1982,"w0Vl_lsAAAAJ"
1982,"w0Vl_lsAAAAJ"
1982,"w0Vl_lsAAAAJ"
1982,"w0Vl_lsAAAAJ"
1982,"w99b8LQAAAAJ"
1982,"whhr40wAAAAJ,0,0"
1982,"whhr40wAAAAJ,0,0"
1982,"whhr40wAAAAJ,0"
1982,"1,1,Wj4ZBFIAAAAJ,1,1,1,1,1,1,1"
1982,"Wj4ZBFIAAAAJ,1,1,1,1"
1982,"Wj4ZBFIAAAAJ"
1982,"1,Wj4ZBFIAAAAJ,1,1"
1982,"Wj4ZBFIAAAAJ,1"
1982,"0,wjPrcoUAAAAJ"
1982,"wjPrcoUAAAAJ"
1982,"wjPrcoUAAAAJ"
1982,"0,wjPrcoUAAAAJ"
1982,"0,WKfXwHkAAAAJ"
1982,"WKfXwHkAAAAJ"
1982,"WKfXwHkAAAAJ"
1982,"2,wOYUPpwAAAAJ,1"
1982,"1,wOYUPpwAAAAJ"
1982,"wOYUPpwAAAAJ,1"
1982,"1,wOYUPpwAAAAJ"
1982,"wOYUPpwAAAAJ,1"
1982,"1,wOYUPpwAAAAJ"
1982,"wOYUPpwAAAAJ"
1982,"0,WPwXQlEAAAAJ,0,0,0"
1982,"0,WPwXQlEAAAAJ,0,0,0,0"
1982,"0,0,0,WPwXQlEAAAAJ,0"
1982,"0,0,WPwXQlEAAAAJ,0"
1982,"0,WPwXQlEAAAAJ,0"
1982,"0,0,WPwXQlEAAAAJ,0,0"
1982,"0,0,WPwXQlEAAAAJ,0,0"
1982,"WPwXQlEAAAAJ,0"
1982,"0,0,WPwXQlEAAAAJ,0,0"
1982,"0,WPwXQlEAAAAJ,0,0,0,0,0"
1982,"0,0,0,0,0,0,0,0,wSslNAcAAAAJ"
1982,"0,0,0,0,0,0,0,wSslNAcAAAAJ"
1982,"0,0,0,0,0,wSslNAcAAAAJ,0"
1982,"0,0,wT-9XmoAAAAJ"
1982,"WTkytQcAAAAJ"
1982,"1,1,wUPKh58AAAAJ"
1982,"1,1,wUPKh58AAAAJ"
1982,"WUWmiBcAAAAJ,0,2,0,0"
1982,"WUWmiBcAAAAJ,0"
1982,"0,WUWmiBcAAAAJ,0"
1982,"WxQyOYQAAAAJ"
1982,"X5hjyXgAAAAJ,0,0,0,0"
1982,"x7viPbgAAAAJ,1,1"
1982,"2,x7viPbgAAAAJ,1,1"
1982,"0,XB_ZhjUAAAAJ"
1982,"0,XB_ZhjUAAAAJ,0"
1982,"XB_ZhjUAAAAJ,0"
1982,"0,0,XB_ZhjUAAAAJ"
1982,"XB_ZhjUAAAAJ,0"
1982,"XB_ZhjUAAAAJ,0,0"
1982,"XB_ZhjUAAAAJ,0"
1982,"xcV_89kAAAAJ,2"
1982,"xcV_89kAAAAJ,2"
1982,"0,xdIRtREAAAAJ,0"
1982,"1,xf7_yNsAAAAJ,1"
1982,"1,xf7_yNsAAAAJ,1"
1982,"XMwdTIQAAAAJ,0"
1982,"xQlXXWQAAAAJ"
1982,"1,XrIr0nYAAAAJ,1"
1982,"XtUBAtwAAAAJ,1"
1982,"xViwZ0QAAAAJ,1"
1982,"xViwZ0QAAAAJ"
1982,"XxPA1LAAAAAJ,0,0"
1982,"XyQM8SkAAAAJ"
1982,"1,XyQM8SkAAAAJ"
1982,"XYy_Nm4AAAAJ,1,1,1"
1982,"XYy_Nm4AAAAJ,1"
1982,"XYy_Nm4AAAAJ,1,1"
1982,"XYy_Nm4AAAAJ,1,1,1,1"
1982,"XYy_Nm4AAAAJ,1,1"
1982,"XYy_Nm4AAAAJ,1,1"
1982,"XYy_Nm4AAAAJ"
1982,"0,0,Xz8p2pIAAAAJ,0"
1982,"2,1,XZkvOTEAAAAJ,1"
1982,"1,1,1,1,2,XZkvOTEAAAAJ,2,1,1"
1982,"1,1,XZkvOTEAAAAJ,1,1"
1982,"1,1,1,XZkvOTEAAAAJ,1,1"
1982,"1,XZkvOTEAAAAJ"
1982,"1,1,XZkvOTEAAAAJ,1,1"
1982,"1,XZkvOTEAAAAJ,1"
1982,"Y-KJRwoAAAAJ"
1982,"0,0,0,Y-KJRwoAAAAJ"
1982,"0,0,0,0,Y-KJRwoAAAAJ,0,0"
1982,"Y-KJRwoAAAAJ"
1982,"0,Y-KJRwoAAAAJ"
1982,"0,0,Y-KJRwoAAAAJ"
1982,"Y-KJRwoAAAAJ"
1982,"Y-KJRwoAAAAJ"
1982,"0,0,Y-KJRwoAAAAJ,0"
1982,"0,0,Y-KJRwoAAAAJ"
1982,"0,0,Y-KJRwoAAAAJ"
1982,"Y-KJRwoAAAAJ"
1982,"Y0E0lsgAAAAJ"
1982,"Y0E0lsgAAAAJ"
1982,"Y0E0lsgAAAAJ"
1982,"0,0,y2-3xzQAAAAJ"
1982,"0,y2-3xzQAAAAJ"
1982,"0,y2-3xzQAAAAJ,0"
1982,"0,y2-3xzQAAAAJ,0"
1982,"0,y2-3xzQAAAAJ"
1982,"1,y2fSlecAAAAJ"
1982,"y2fSlecAAAAJ"
1982,"1,1,y2fSlecAAAAJ"
1982,"y2fSlecAAAAJ"
1982,"1,y768HUkAAAAJ"
1982,"1,y768HUkAAAAJ"
1982,"0,Y8FpsToAAAAJ"
1982,"0,0,Y8FpsToAAAAJ"
1982,"ybVTEEkAAAAJ"
1982,"0,yDzXJC8AAAAJ"
1982,"0,yDzXJC8AAAAJ"
1982,"0,yDzXJC8AAAAJ"
1982,"0,0,0,0,yDzXJC8AAAAJ"
1982,"YeT0BYwAAAAJ,1"
1982,"0,yeWtnR4AAAAJ,0,0"
1982,"yeWtnR4AAAAJ,0"
1982,"2,yi6DR64AAAAJ"
1982,"yi6DR64AAAAJ"
1982,"YkIThXQAAAAJ,0"
1982,"YkIThXQAAAAJ,0,0"
1982,"YkIThXQAAAAJ,0,0"
1982,"YkIThXQAAAAJ,0,0,0"
1982,"1,ymwKqZsAAAAJ"
1982,"1,ymwKqZsAAAAJ"
1982,"ypOvMY0AAAAJ"
1982,"ypOvMY0AAAAJ"
1982,"ypOvMY0AAAAJ"
1982,"YQmUZgYAAAAJ,0"
1982,"YTJrQA4AAAAJ,1,1"
1982,"YTvAfu4AAAAJ,0"
1982,"ywgYvpsAAAAJ"
1982,"0,ywgYvpsAAAAJ"
1982,"ywgYvpsAAAAJ"
1982,"Yy5PenMAAAAJ,0"
1982,"z20nJRsAAAAJ,0"
1982,"z4PNjW4AAAAJ,0,0,0"
1982,"z4PNjW4AAAAJ,0,0"
1982,"0,z5ovGi0AAAAJ,0,0,0,0,0,2"
1982,"0,z5ovGi0AAAAJ,0"
1982,"zAo6f24AAAAJ"
1982,"zAo6f24AAAAJ,DknsgF8AAAAJ"
1982,"0,0,Zk0ouhgAAAAJ"
1982,"0,0,0,Zk0ouhgAAAAJ"
1982,"0,0,0,Zk0ouhgAAAAJ"
1982,"0,Zk0ouhgAAAAJ"
1982,"0,0,zLS4alQAAAAJ,0,0,0,0,0,0,0"
1982,"ZnHrz84AAAAJ,0"
1982,"ZnHrz84AAAAJ,0"
1982,"zO6kmIAAAAAJ,1"
1982,"0,0,0,0,zrBpsoEAAAAJ"
1982,"0,zrBpsoEAAAAJ"
1982,"0,0,zrBpsoEAAAAJ"
1982,"0,0,ZTS2hocAAAAJ,0,0"
1982,"ZTS2hocAAAAJ,0"
1982,"0,ZvmgIoEAAAAJ,0"
1982,"ZvmgIoEAAAAJ,0"
1982,"0,0,zximQqQAAAAJ,0"
1982,"0,0,zximQqQAAAAJ,0"
1982,"0,0,zximQqQAAAAJ,0"
1982,"0,0,zximQqQAAAAJ"
1982,"0,0,zximQqQAAAAJ,0"
1982,"0,0,zximQqQAAAAJ,0"
1982,"zZ0-4SUAAAAJ"
1982,"_Ax4EUYAAAAJ,1"
1982,"_Ax4EUYAAAAJ"
1982,"_ejcrb8AAAAJ"
1982,"0,_f3b-nsAAAAJ"
1982,"1,_nNBIGcAAAAJ"
1982,"_nX-7mUAAAAJ,0"
1982,"_nX-7mUAAAAJ,0,0,0"
1982,"_nX-7mUAAAAJ,0,0,0,0"
1982,"_nX-7mUAAAAJ,0"
1982,"_nX-7mUAAAAJ,0,0,0,0"
1982,"_pPy-pAAAAAJ"
1982,"_pPy-pAAAAAJ"
1982,"rXYLXJMAAAAJ,_pPy-pAAAAAJ"
1982,"1,gb2r2ssAAAAJ,1,_pPy-pAAAAAJ"
1982,"_pPy-pAAAAAJ"
1982,"rXYLXJMAAAAJ,_pPy-pAAAAAJ"
1982,"_R2wQEkAAAAJ,2,2"
1982,"_SEaWmkAAAAJ,0"
1982,"_SEaWmkAAAAJ,0"
1982,"_sFl-OoAAAAJ,0,0"
1982,"_sFl-OoAAAAJ,2,0,0,0"
1982,"0,2,_WWra9AAAAAJ"
1982,"0,0,0,_WWra9AAAAAJ"
1982,"0,0,0,_WWra9AAAAAJ"
1982,"1,1,_Z12v2IAAAAJ"
1982,"_Z12v2IAAAAJ,1"
