"google_id","XDIndicator"
"--nVNvIAAAAJ","CS"
"-0CQuX8AAAAJ","BIO"
"-0iKXsgAAAAJ","CS"
"-0nYQVIAAAAJ","BIO"
"-0ppt6oAAAAJ","XD"
"-0rEuLgAAAAJ","CS"
"-234SKAAAAAJ","BIO"
"-31-oa0AAAAJ","BIO"
"-5DNOLIAAAAJ","BIO"
"-5LVcdsAAAAJ","BIO"
"-5ZxgGsAAAAJ","BIO"
"-6cOYcYAAAAJ","CS"
"-6FYTfMAAAAJ","BIO"
"-78feYUAAAAJ","BIO"
"-aQaHIoAAAAJ","BIO"
"-BLWw_kAAAAJ","BIO"
"-chjN0MAAAAJ","XD"
"-cL-RwUAAAAJ","XD"
"-cwEbxUAAAAJ","XD"
"-D2TBHUAAAAJ","XD"
"-DEyRIgAAAAJ","BIO"
"-DfTtxgAAAAJ","XD"
"-Dg42W8AAAAJ","BIO"
"-E5k6m4AAAAJ","CS"
"-ERiTHkAAAAJ","BIO"
"-EXWOU0AAAAJ","CS"
"-fxI3cUAAAAJ","XD"
"-GT5PAkAAAAJ","CS"
"-H7Y-VUAAAAJ","BIO"
"-had2Q8AAAAJ","BIO"
"-HwCwkAAAAAJ","BIO"
"-iLn_XwAAAAJ","XD"
"-IMW-w0AAAAJ","XD"
"-Jbd9DsAAAAJ","CS"
"-jW6ADwAAAAJ","CS"
"-Jz7TjkAAAAJ","BIO"
"-LPp6oUAAAAJ","XD"
"-LyegNoAAAAJ","BIO"
"-m5wrTkAAAAJ","CS"
"-MQXqOkAAAAJ","XD"
"-NkxFNoAAAAJ","CS"
"-o3I0zUAAAAJ","XD"
"-OdJO1UAAAAJ","XD"
"-PWcE1YAAAAJ","CS"
"-PWYRzIAAAAJ","BIO"
"-pyztDMAAAAJ","CS"
"-qFHOKsAAAAJ","BIO"
"-QZrYjsAAAAJ","BIO"
"-rcrelQAAAAJ","XD"
"-S8_yskAAAAJ","BIO"
"-sGaL8sAAAAJ","CS"
"-SM7MpYAAAAJ","CS"
"-smZI6MAAAAJ","BIO"
"-spRnaQAAAAJ","CS"
"-teHhxwAAAAJ","XD"
"-u5lh-0AAAAJ","BIO"
"-UyfaYEAAAAJ","BIO"
"-vC_l2kAAAAJ","CS"
"-vrMfNMAAAAJ","XD"
"-wT1eCwAAAAJ","CS"
"-XCc1JQAAAAJ","BIO"
"-xOxPsUAAAAJ","BIO"
"-XpZ4fgAAAAJ","CS"
"-XXZGEoAAAAJ","XD"
"-yrzguMAAAAJ","XD"
"-YvgZDEAAAAJ","CS"
"-YZ5mIIAAAAJ","BIO"
"-ZqZyP0AAAAJ","CS"
"-_yz0eUAAAAJ","BIO"
"0-hcsnoAAAAJ","XD"
"008lr2cAAAAJ","CS"
"00H10pgAAAAJ","BIO"
"00M1AqQAAAAJ","XD"
"01EOkNEAAAAJ","BIO"
"01U4ahgAAAAJ","XD"
"022gx2QAAAAJ","BIO"
"02nHF0gAAAAJ","CS"
"02_kT4YAAAAJ","CS"
"03uVItYAAAAJ","BIO"
"04pdXhgAAAAJ","XD"
"04TuVhEAAAAJ","CS"
"05cijuQAAAAJ","BIO"
"05UuCNQAAAAJ","XD"
"060zUaAAAAAJ","BIO"
"06hgT8gAAAAJ","XD"
"078_pfUAAAAJ","BIO"
"07ds-DAAAAAJ","CS"
"07Z4HAQAAAAJ","CS"
"099CBXIAAAAJ","BIO"
"0a2d8rQAAAAJ","BIO"
"0ahvXiEAAAAJ","BIO"
"0Bi5CMgAAAAJ","CS"
"0CAVqY4AAAAJ","BIO"
"0cq9zpQAAAAJ","XD"
"0cy3s0AAAAAJ","BIO"
"0d3SpjQAAAAJ","BIO"
"0dIBL4AAAAAJ","XD"
"0DpK1EMAAAAJ","CS"
"0e8QmOMAAAAJ","BIO"
"0ESwQagAAAAJ","BIO"
"0fq5QeIAAAAJ","XD"
"0fVKnEcAAAAJ","BIO"
"0goLOJ4AAAAJ","BIO"
"0gtvj54AAAAJ","BIO"
"0IHc9DUAAAAJ","CS"
"0iJRaawAAAAJ","CS"
"0irVeiQAAAAJ","CS"
"0IrZEuIAAAAJ","BIO"
"0j1TcuMAAAAJ","BIO"
"0JLkp6FGK_AC","BIO"
"0jSdqoEAAAAJ","CS"
"0Kl8sf4AAAAJ","XD"
"0Kvq4bUAAAAJ","CS"
"0lcJYs8AAAAJ","CS"
"0LS98DEAAAAJ","CS"
"0LYr5i8AAAAJ","BIO"
"0nBysEcAAAAJ","CS"
"0NdRYeoAAAAJ","BIO"
"0OdjAAkAAAAJ","BIO"
"0oj4N0sAAAAJ","BIO"
"0pdiFKEAAAAJ","CS"
"0pdOqkQAAAAJ","CS"
"0qFMG6jnGtAC","XD"
"0Qr2IGwAAAAJ","XD"
"0r5B_WMAAAAJ","XD"
"0R9w80MAAAAJ","BIO"
"0RAmmIAAAAAJ","CS"
"0RMteS0AAAAJ","CS"
"0SHFWCkAAAAJ","BIO"
"0skgDnMAAAAJ","CS"
"0sU4eAwAAAAJ","BIO"
"0tJWcp4AAAAJ","XD"
"0U8U6t0AAAAJ","XD"
"0udXcCEAAAAJ","BIO"
"0uj4niwAAAAJ","XD"
"0VFi-vAAAAAJ","CS"
"0vsEnW8AAAAJ","BIO"
"0vWWXXUAAAAJ","XD"
"0VzUxIcAAAAJ","CS"
"0w0Dy34AAAAJ","CS"
"0XV1sFsAAAAJ","CS"
"0XwGb10AAAAJ","BIO"
"0y6JDD4AAAAJ","CS"
"0YlwI5MAAAAJ","XD"
"0zrqo3B-66wC","CS"
"0zVOVQ0AAAAJ","XD"
"0zZnyMEAAAAJ","CS"
"0_vvBZkAAAAJ","CS"
"10HSX90AAAAJ","CS"
"117h3CAAAAAJ","XD"
"11imIQsAAAAJ","BIO"
"11NcM2EAAAAJ","CS"
"11RguYAAAAAJ","XD"
"14K6V00AAAAJ","BIO"
"15XbAJIAAAAJ","CS"
"16posrQAAAAJ","CS"
"17FnXRkAAAAJ","BIO"
"17H27fYAAAAJ","BIO"
"19kNRU0AAAAJ","CS"
"19KQ9w8AAAAJ","BIO"
"19qSWk8AAAAJ","CS"
"1a17o2YAAAAJ","BIO"
"1A9MXTkAAAAJ","BIO"
"1Aa3qxIAAAAJ","XD"
"1AHBOEcAAAAJ","BIO"
"1aoOTPIAAAAJ","CS"
"1BZVKNkAAAAJ","BIO"
"1cn60e8AAAAJ","XD"
"1CR0meYAAAAJ","XD"
"1CtZnTMAAAAJ","BIO"
"1ddBSr8AAAAJ","CS"
"1DpUSnsAAAAJ","BIO"
"1duOrVIAAAAJ","BIO"
"1fEZ_osAAAAJ","CS"
"1FwsujMAAAAJ","CS"
"1hEE9ZsAAAAJ","XD"
"1HYDaVIAAAAJ","CS"
"1h_0s3wAAAAJ","BIO"
"1jE4flwAAAAJ","BIO"
"1jjyaBYAAAAJ","CS"
"1KRXBIwAAAAJ","CS"
"1kTPw60AAAAJ","BIO"
"1kwoMp0AAAAJ","CS"
"1LG-V8EAAAAJ","BIO"
"1LUuMc8AAAAJ","CS"
"1lvl_XYAAAAJ","BIO"
"1l_zPXQAAAAJ","BIO"
"1mMmqs4AAAAJ","CS"
"1MwNI3EAAAAJ","BIO"
"1nr7TU0AAAAJ","XD"
"1NtRHc4AAAAJ","XD"
"1OipGrkAAAAJ","BIO"
"1P6HeqQAAAAJ","BIO"
"1pRIDP4AAAAJ","CS"
"1q4T4E4AAAAJ","BIO"
"1QnCveAAAAAJ","XD"
"1R-Pn34AAAAJ","BIO"
"1RdlZvQAAAAJ","BIO"
"1s3GeggAAAAJ","XD"
"1sBMvJIAAAAJ","BIO"
"1sHiufgAAAAJ","BIO"
"1SJPBDAAAAAJ","XD"
"1somGYUAAAAJ","XD"
"1T3wsnsAAAAJ","BIO"
"1tBxBJUAAAAJ","XD"
"1UbzzQcAAAAJ","XD"
"1UnT11UAAAAJ","BIO"
"1uX0rugAAAAJ","BIO"
"1u_MQY8AAAAJ","XD"
"1ve3gzYAAAAJ","BIO"
"1vk3NxsAAAAJ","BIO"
"1WIPsm0AAAAJ","XD"
"1wq5H9oAAAAJ","XD"
"1X-MOE8AAAAJ","XD"
"1xfwEBAAAAAJ","CS"
"1z3mv7EAAAAJ","BIO"
"1zmDOdwAAAAJ","XD"
"1zWBSKEAAAAJ","BIO"
"2-jY1SQAAAAJ","CS"
"206DEM0AAAAJ","XD"
"22aEccUAAAAJ","XD"
"25pGNr8AAAAJ","XD"
"26h2MnAAAAAJ","CS"
"27ytbx8AAAAJ","XD"
"28yZqbcAAAAJ","XD"
"2aMqJTgAAAAJ","CS"
"2aSu29oAAAAJ","BIO"
"2Ay8qC4AAAAJ","BIO"
"2b1nMvgAAAAJ","XD"
"2Bbi09MAAAAJ","BIO"
"2Bc3UN4AAAAJ","XD"
"2CYhvK0AAAAJ","BIO"
"2C_5IhcAAAAJ","XD"
"2dTrwzAAAAAJ","CS"
"2eM6GocAAAAJ","CS"
"2ewb-10AAAAJ","CS"
"2FbkAzYAAAAJ","CS"
"2ftJYXMAAAAJ","XD"
"2G1KglQAAAAJ","XD"
"2G5HJE0AAAAJ","BIO"
"2gggOEIAAAAJ","CS"
"2hemeGMAAAAJ","CS"
"2hg5lYIAAAAJ","CS"
"2HR9-igAAAAJ","XD"
"2i7uayYAAAAJ","XD"
"2iu5LzQAAAAJ","BIO"
"2i_mta4AAAAJ","XD"
"2j4daMHxyBUC","XD"
"2JMaTKsAAAAJ","CS"
"2jRpisYAAAAJ","CS"
"2K2-QrMAAAAJ","BIO"
"2K2gtpsAAAAJ","BIO"
"2kkddh0AAAAJ","CS"
"2Kqxn2MAAAAJ","BIO"
"2KR-hMsAAAAJ","XD"
"2kXsgI4AAAAJ","CS"
"2LAmkegAAAAJ","XD"
"2lbWNPAAAAAJ","BIO"
"2LnUVG4AAAAJ","BIO"
"2lpCLIYAAAAJ","BIO"
"2LQimEIAAAAJ","XD"
"2M8BWDkAAAAJ","CS"
"2mjUsP8AAAAJ","CS"
"2mkaUvkAAAAJ","BIO"
"2nGk3QQAAAAJ","BIO"
"2Nz2U0kAAAAJ","CS"
"2oclnIwAAAAJ","CS"
"2OJOZTUAAAAJ","CS"
"2oSSsLYAAAAJ","XD"
"2ouPjOAAAAAJ","BIO"
"2oy3OXYAAAAJ","CS"
"2pH8BZwAAAAJ","CS"
"2pW1g5IAAAAJ","CS"
"2PxFftgAAAAJ","CS"
"2QdlYyMAAAAJ","BIO"
"2rg3W8gAAAAJ","BIO"
"2rMImAgAAAAJ","BIO"
"2s9_ZWgAAAAJ","CS"
"2SF6AXQAAAAJ","XD"
"2SmbjHAAAAAJ","CS"
"2SXzngsAAAAJ","XD"
"2tT-FokAAAAJ","XD"
"2U1xsKwAAAAJ","XD"
"2UF8gNsAAAAJ","CS"
"2uHUSa8AAAAJ","CS"
"2UjiMzIAAAAJ","XD"
"2upx1AcAAAAJ","BIO"
"2VAwmhMAAAAJ","BIO"
"2vQRGrYAAAAJ","XD"
"2vZ5zRQAAAAJ","CS"
"2wJaIkEAAAAJ","CS"
"2WJqadMAAAAJ","BIO"
"2X5Wru0AAAAJ","XD"
"2X6fAZgAAAAJ","XD"
"2XJfT0UAAAAJ","BIO"
"2YLKXzwAAAAJ","BIO"
"2ZHGNCUAAAAJ","CS"
"2zsr0ukAAAAJ","BIO"
"2_OASxMAAAAJ","XD"
"3-gk0ioAAAAJ","CS"
"3-PRZG0AAAAJ","CS"
"30fyS8EAAAAJ","CS"
"33k5ZFwAAAAJ","XD"
"35uGc_MAAAAJ","XD"
"36HRdqMAAAAJ","CS"
"37e-BIYAAAAJ","BIO"
"37frPb8AAAAJ","CS"
"38ev4xkAAAAJ","CS"
"398l2V8AAAAJ","XD"
"39BgNN8AAAAJ","BIO"
"39GUJSgAAAAJ","CS"
"3AoFLxwAAAAJ","BIO"
"3aw_314AAAAJ","CS"
"3cwkINwAAAAJ","BIO"
"3DWI0HcAAAAJ","CS"
"3Dw_GVEAAAAJ","BIO"
"3EbevY4AAAAJ","CS"
"3fASLLsAAAAJ","BIO"
"3FrD14AAAAAJ","CS"
"3FunQ3UAAAAJ","BIO"
"3G79TTEAAAAJ","XD"
"3Gvtz8gAAAAJ","BIO"
"3H-3V9wAAAAJ","BIO"
"3hqXvOEAAAAJ","BIO"
"3h_fp5QAAAAJ","XD"
"3ifikJ0AAAAJ","XD"
"3IzCyzEAAAAJ","BIO"
"3JEciYcAAAAJ","BIO"
"3JEfSz8AAAAJ","BIO"
"3KTaOl0AAAAJ","BIO"
"3lB8Y8kAAAAJ","CS"
"3meGuI8AAAAJ","XD"
"3OdbrfMAAAAJ","XD"
"3oyf5I4AAAAJ","CS"
"3P2jfesAAAAJ","BIO"
"3p3advkAAAAJ","BIO"
"3pZs3j0AAAAJ","CS"
"3qPiYJoAAAAJ","XD"
"3S5qpXsAAAAJ","CS"
"3siz6_0AAAAJ","CS"
"3Tj9toIAAAAJ","BIO"
"3TK9AHQAAAAJ","XD"
"3Unsek4AAAAJ","XD"
"3UyNayMAAAAJ","XD"
"3vKjkoQAAAAJ","CS"
"3X9nW80AAAAJ","CS"
"3xIRwTgAAAAJ","BIO"
"3XYmsKQAAAAJ","CS"
"3yJxnHwAAAAJ","XD"
"3YOe4NMAAAAJ","CS"
"3yPEc4YAAAAJ","CS"
"3_rdKBsAAAAJ","XD"
"3_WYcR4AAAAJ","XD"
"41m5j04AAAAJ","CS"
"41nF80QAAAAJ","BIO"
"42fU-rsAAAAJ","XD"
"45d6BC0AAAAJ","BIO"
"45MH-gkAAAAJ","BIO"
"46HLWf8AAAAJ","XD"
"471mb4wAAAAJ","CS"
"47I8TqkAAAAJ","CS"
"4A2BqsMAAAAJ","BIO"
"4aheXvQAAAAJ","BIO"
"4arkOLcAAAAJ","CS"
"4bHar00AAAAJ","CS"
"4BrebIYAAAAJ","XD"
"4e2pnKYAAAAJ","CS"
"4EHmg_4AAAAJ","BIO"
"4EL8ZOUAAAAJ","BIO"
"4EQ2zFYAAAAJ","XD"
"4esyQS4AAAAJ","CS"
"4ew4MwwAAAAJ","XD"
"4FcaMpgAAAAJ","CS"
"4glkLD0AAAAJ","XD"
"4GTpCxcAAAAJ","CS"
"4HrSWNcAAAAJ","CS"
"4JMQMLgAAAAJ","BIO"
"4LCdnkYAAAAJ","CS"
"4Mj-BjwAAAAJ","XD"
"4n8JCSgAAAAJ","XD"
"4O-rMYEAAAAJ","CS"
"4OOz4DcAAAAJ","XD"
"4OvOdSgAAAAJ","XD"
"4pkd0FsAAAAJ","BIO"
"4pWpdEIAAAAJ","CS"
"4PYV1OEAAAAJ","XD"
"4q6YakgAAAAJ","XD"
"4R7_wW8AAAAJ","XD"
"4SYHiigAAAAJ","BIO"
"4tJhnt8AAAAJ","BIO"
"4Tnj6PcAAAAJ","CS"
"4Ts9jNQAAAAJ","CS"
"4TuZa4wAAAAJ","XD"
"4U1F6tcAAAAJ","BIO"
"4uiMIaEAAAAJ","XD"
"4UyniXYAAAAJ","CS"
"4uypulQAAAAJ","CS"
"4veQB4cAAAAJ","XD"
"4VJre9IAAAAJ","CS"
"4wXYfSUAAAAJ","CS"
"4XyoYbAAAAAJ","XD"
"4Y2pXqoAAAAJ","BIO"
"4yuKD_AAAAAJ","CS"
"4_1z8yEAAAAJ","CS"
"5--K4tgAAAAJ","BIO"
"50kDLlkAAAAJ","BIO"
"53RlhUcAAAAJ","CS"
"54w2_AcAAAAJ","XD"
"55B-xqUAAAAJ","CS"
"55fqxgwAAAAJ","XD"
"55pOyCkAAAAJ","XD"
"55VV_usAAAAJ","XD"
"568MtVQAAAAJ","CS"
"56oq6hYAAAAJ","BIO"
"56qcx4MAAAAJ","CS"
"59zyQMYAAAAJ","CS"
"5Aut7EEAAAAJ","CS"
"5bxyMBwAAAAJ","CS"
"5C4hZEgAAAAJ","XD"
"5cDLwU0AAAAJ","BIO"
"5CH2x_YAAAAJ","XD"
"5cJzDZEAAAAJ","CS"
"5CoasaYAAAAJ","BIO"
"5ctD7qIAAAAJ","BIO"
"5dNYKKcAAAAJ","XD"
"5drv17QAAAAJ","XD"
"5DUnLc8AAAAJ","BIO"
"5EqKofQAAAAJ","XD"
"5ExRjncAAAAJ","CS"
"5FZewx8AAAAJ","BIO"
"5GQF2FwAAAAJ","CS"
"5GxH-mYAAAAJ","BIO"
"5H0arvkAAAAJ","CS"
"5HInsKgAAAAJ","BIO"
"5HLGWrIAAAAJ","CS"
"5I3hyEgAAAAJ","XD"
"5i9FResAAAAJ","BIO"
"5iXE9k0AAAAJ","XD"
"5kL-ZrAAAAAJ","CS"
"5lBWbGkAAAAJ","BIO"
"5LsAK74AAAAJ","BIO"
"5LXPLI0AAAAJ","BIO"
"5m-oAesAAAAJ","CS"
"5mIkNyYAAAAJ","XD"
"5NAFTkAAAAAJ","BIO"
"5nhJokEAAAAJ","BIO"
"5nkhrpUAAAAJ","BIO"
"5OSMezYAAAAJ","BIO"
"5oU0wxcAAAAJ","CS"
"5ouAiisAAAAJ","CS"
"5P7Vo2IAAAAJ","XD"
"5PboKNAAAAAJ","CS"
"5pKTRxEAAAAJ","XD"
"5pV6DQ4AAAAJ","XD"
"5qSIhVkAAAAJ","XD"
"5qwfn20AAAAJ","XD"
"5t2myD8AAAAJ","CS"
"5tcfuXMAAAAJ","CS"
"5tk1PV8AAAAJ","CS"
"5TzQdR4AAAAJ","CS"
"5w-u8x8AAAAJ","CS"
"5wcrtr4AAAAJ","XD"
"5wgTi1AAAAAJ","CS"
"5whzpxEAAAAJ","XD"
"5wppdUoAAAAJ","CS"
"5xRaC-AAAAAJ","XD"
"5X_j0lwAAAAJ","XD"
"5ZTO0uMAAAAJ","CS"
"60ZCtZMAAAAJ","XD"
"628Jn7UAAAAJ","CS"
"62GM5XcAAAAJ","CS"
"64iWYEMAAAAJ","XD"
"65eUCyIAAAAJ","BIO"
"65swYMkAAAAJ","XD"
"67aYFTQAAAAJ","XD"
"67kghxAAAAAJ","CS"
"67R6MqcAAAAJ","XD"
"6afbS1EAAAAJ","BIO"
"6ArMETUAAAAJ","XD"
"6c5cf1wAAAAJ","CS"
"6CTPn44AAAAJ","CS"
"6DkAchgAAAAJ","BIO"
"6EapkWgAAAAJ","XD"
"6enh82kAAAAJ","CS"
"6Ff2c8wAAAAJ","CS"
"6H0mhLUAAAAJ","CS"
"6HE56R8AAAAJ","CS"
"6hPAjdYAAAAJ","XD"
"6IHX8J4AAAAJ","CS"
"6II-xhMAAAAJ","XD"
"6IinLVUAAAAJ","CS"
"6IxWYR0AAAAJ","XD"
"6JEDxqcAAAAJ","XD"
"6KUiLfAAAAAJ","BIO"
"6Kuq1acAAAAJ","XD"
"6laH_QsAAAAJ","BIO"
"6o13_-QAAAAJ","BIO"
"6P4bGWAAAAAJ","CS"
"6pG19JoAAAAJ","XD"
"6qE0tdAAAAAJ","CS"
"6QM1ANkAAAAJ","BIO"
"6RqRAWcAAAAJ","BIO"
"6S-WgLkAAAAJ","CS"
"6s2hs3oAAAAJ","CS"
"6t7Zm4oAAAAJ","XD"
"6UBlenoAAAAJ","BIO"
"6Ue8tWQAAAAJ","BIO"
"6UTCD84AAAAJ","BIO"
"6VNQ_IkAAAAJ","BIO"
"6vXTtDQAAAAJ","CS"
"6y4Vgs0AAAAJ","BIO"
"6Yne-voAAAAJ","BIO"
"6YU6_QoAAAAJ","CS"
"6Z88TncAAAAJ","BIO"
"6_cxCKQAAAAJ","CS"
"6_oL_9IAAAAJ","CS"
"6_wqtu4AAAAJ","BIO"
"70BD9O8AAAAJ","XD"
"70fkMMgAAAAJ","BIO"
"71OktocAAAAJ","CS"
"71RQt3sAAAAJ","CS"
"72e5VYEAAAAJ","CS"
"76nnaMsAAAAJ","BIO"
"77kOUvYAAAAJ","CS"
"79kYqosAAAAJ","BIO"
"7anf7aEAAAAJ","CS"
"7AUq6CUAAAAJ","XD"
"7BM1uyYAAAAJ","XD"
"7btxQB0AAAAJ","CS"
"7BVA7tsAAAAJ","BIO"
"7BYgbUEAAAAJ","BIO"
"7b_ipvgAAAAJ","CS"
"7cys8kgAAAAJ","XD"
"7e3e1HUAAAAJ","BIO"
"7EBqXaIAAAAJ","XD"
"7eC3KMkAAAAJ","XD"
"7egtxu0AAAAJ","XD"
"7FXtL98AAAAJ","CS"
"7g-uOHkAAAAJ","BIO"
"7gEOGwcAAAAJ","BIO"
"7iQEFwIAAAAJ","XD"
"7iUPeUQAAAAJ","BIO"
"7iV1PPYAAAAJ","XD"
"7iy44V4AAAAJ","BIO"
"7j3itaMAAAAJ","CS"
"7jNkTbYAAAAJ","CS"
"7K34d7cAAAAJ","XD"
"7kDEN7kAAAAJ","XD"
"7KqndP4AAAAJ","XD"
"7lVfIWYAAAAJ","CS"
"7MfZxCEAAAAJ","BIO"
"7MOW-j4AAAAJ","CS"
"7nERaWEAAAAJ","CS"
"7NhhkR8AAAAJ","XD"
"7oJoP0IAAAAJ","CS"
"7OvZhQIAAAAJ","CS"
"7P3t1woAAAAJ","XD"
"7p61OCsAAAAJ","XD"
"7PeekG0AAAAJ","XD"
"7QF1eF4AAAAJ","CS"
"7QmEsOwAAAAJ","CS"
"7QTGa98AAAAJ","CS"
"7Sa6XgEAAAAJ","BIO"
"7SdcAiEAAAAJ","CS"
"7t7dPnwAAAAJ","BIO"
"7VeXVsYAAAAJ","BIO"
"7vK1GRIAAAAJ","CS"
"7X0YfAcAAAAJ","XD"
"7xgWQEgAAAAJ","BIO"
"7XjL07wAAAAJ","CS"
"7yeTclAAAAAJ","BIO"
"7zf7xGkAAAAJ","CS"
"8-GYxFAAAAAJ","XD"
"80ILneUAAAAJ","XD"
"81cvn3sAAAAJ","CS"
"83SAwBsAAAAJ","CS"
"84WzBlYAAAAJ","XD"
"85KkItgAAAAJ","BIO"
"85qG4oIAAAAJ","BIO"
"861FJYUAAAAJ","BIO"
"89vejUwAAAAJ","CS"
"8ablIzIAAAAJ","XD"
"8acGhSYAAAAJ","CS"
"8AkiZd8AAAAJ","BIO"
"8ArX12gAAAAJ","XD"
"8BlBaP0AAAAJ","BIO"
"8CRLlesAAAAJ","BIO"
"8cxDHS4AAAAJ","CS"
"8DufNdkAAAAJ","BIO"
"8enm19QAAAAJ","BIO"
"8ExiKC0AAAAJ","CS"
"8f8IZigAAAAJ","BIO"
"8Fa66PQAAAAJ","BIO"
"8fHNKl4AAAAJ","CS"
"8fPm1GcAAAAJ","BIO"
"8fudeRAAAAAJ","CS"
"8fztli4AAAAJ","XD"
"8GA4R2wAAAAJ","CS"
"8gIklOMAAAAJ","CS"
"8I3rAqsAAAAJ","XD"
"8iofTEAAAAAJ","BIO"
"8iQk0DIAAAAJ","CS"
"8ISuY00AAAAJ","BIO"
"8kA3eDwAAAAJ","CS"
"8lkdGgsAAAAJ","CS"
"8Lp0W54AAAAJ","CS"
"8mHLyRoAAAAJ","CS"
"8mi-oYYAAAAJ","CS"
"8Mv9l1oAAAAJ","XD"
"8N6uFIkAAAAJ","CS"
"8nk9k5oAAAAJ","CS"
"8odG5jkAAAAJ","CS"
"8OOBH04AAAAJ","XD"
"8OYE6iEAAAAJ","XD"
"8QGbwSIAAAAJ","XD"
"8Qu_gAMAAAAJ","CS"
"8R35rCwAAAAJ","CS"
"8rhw83wAAAAJ","XD"
"8rjreLIAAAAJ","CS"
"8ro0mcwAAAAJ","XD"
"8rttV7kAAAAJ","XD"
"8SIqR9kAAAAJ","BIO"
"8syZZBAAAAAJ","XD"
"8sz_AGoAAAAJ","CS"
"8u-R4tAAAAAJ","XD"
"8UvpDEsAAAAJ","XD"
"8v1PvG1CERwC","BIO"
"8v3hRYcAAAAJ","BIO"
"8vJp_zIAAAAJ","BIO"
"8VkvOEEAAAAJ","CS"
"8vsRBCgAAAAJ","BIO"
"8vXZpPwAAAAJ","BIO"
"8ys-38kAAAAJ","XD"
"8ZpV-lkAAAAJ","CS"
"8ZwKgNUAAAAJ","BIO"
"9-rUhp0AAAAJ","BIO"
"90qiDCwAAAAJ","XD"
"910z20QAAAAJ","XD"
"9177npMAAAAJ","XD"
"92mdADUAAAAJ","CS"
"93yNuV0AAAAJ","XD"
"953LGdYAAAAJ","CS"
"95xNBicAAAAJ","XD"
"95Z6-isAAAAJ","XD"
"97Xv4U4AAAAJ","BIO"
"98iA_ooAAAAJ","XD"
"98W28JoAAAAJ","CS"
"99TuW7wAAAAJ","CS"
"9AAcxvIAAAAJ","XD"
"9bAg9PwAAAAJ","BIO"
"9CC9gHoAAAAJ","BIO"
"9DCRnPkAAAAJ","XD"
"9eDoldEAAAAJ","CS"
"9Ee76gwAAAAJ","BIO"
"9EJnQ4IAAAAJ","XD"
"9EkM1A8AAAAJ","BIO"
"9fg4Cf4AAAAJ","BIO"
"9fGoifYAAAAJ","XD"
"9gBvN78AAAAJ","CS"
"9H5I3iIAAAAJ","XD"
"9HNdszIAAAAJ","CS"
"9hPnkXsAAAAJ","CS"
"9hvCdiQAAAAJ","CS"
"9INT9oQAAAAJ","XD"
"9j6RBYQAAAAJ","CS"
"9jmmp5sAAAAJ","CS"
"9K0aWCYAAAAJ","BIO"
"9KAjEhUAAAAJ","BIO"
"9kgD3pQAAAAJ","XD"
"9Kk7PNQAAAAJ","CS"
"9lLUAyIAAAAJ","BIO"
"9m3beGEAAAAJ","XD"
"9mIBxkMAAAAJ","CS"
"9MSpWOUAAAAJ","XD"
"9NkngDMAAAAJ","CS"
"9OdHL5wAAAAJ","XD"
"9OItN4cAAAAJ","XD"
"9Oo_rDAAAAAJ","XD"
"9OukeycAAAAJ","CS"
"9oz-dvgAAAAJ","XD"
"9Po78a8AAAAJ","BIO"
"9qA78uUAAAAJ","CS"
"9qSwlokAAAAJ","BIO"
"9RgqL8gAAAAJ","CS"
"9RlvgLEAAAAJ","CS"
"9s9o-JcAAAAJ","CS"
"9SJZTNoAAAAJ","BIO"
"9t0C7nkAAAAJ","BIO"
"9t4BTaAAAAAJ","BIO"
"9UERvVEAAAAJ","CS"
"9UtdkBgAAAAJ","BIO"
"9v8XpowAAAAJ","BIO"
"9VDFIQoAAAAJ","CS"
"9WDXyy4AAAAJ","CS"
"9WfDSNwAAAAJ","CS"
"9XFx3VMAAAAJ","CS"
"9xnCrRgAAAAJ","BIO"
"9Xv52PkAAAAJ","BIO"
"9Y2cn3EAAAAJ","XD"
"9Yd716IAAAAJ","CS"
"9yFBqIgAAAAJ","CS"
"9yLaBrYAAAAJ","BIO"
"9Yuk3WgAAAAJ","XD"
"9Z1pfWMAAAAJ","CS"
"9ZGqm5QAAAAJ","CS"
"9ZM8OlMAAAAJ","XD"
"A-4JUL4AAAAJ","XD"
"a-qMWpwAAAAJ","XD"
"A0FvCDMAAAAJ","BIO"
"A0hv6xwAAAAJ","CS"
"A0XsdIMAAAAJ","XD"
"a1ngrCIAAAAJ","XD"
"A1NhsZgAAAAJ","BIO"
"a1VRT-wAAAAJ","CS"
"A2fiOI0AAAAJ","XD"
"A2t0N8AAAAAJ","XD"
"A2yKsOQAAAAJ","BIO"
"A45mhtsAAAAJ","CS"
"a4jsUp4AAAAJ","XD"
"A4ZY-yQAAAAJ","BIO"
"a59MTe0AAAAJ","XD"
"a5eHXXsAAAAJ","BIO"
"A5RCBfEAAAAJ","BIO"
"A5XWspQAAAAJ","BIO"
"a6u7NTgAAAAJ","CS"
"A7fZNg0AAAAJ","CS"
"A7Kis4kAAAAJ","XD"
"a7LHl00AAAAJ","XD"
"a7np7i8AAAAJ","BIO"
"a7VNhCIAAAAJ","CS"
"a8jIPIkAAAAJ","CS"
"a8yWoi0AAAAJ","XD"
"a8ZyGisAAAAJ","CS"
"a959F6AAAAAJ","CS"
"A9tBw58AAAAJ","CS"
"a9Vm1x8AAAAJ","BIO"
"AANigvoAAAAJ","XD"
"AAVrqVkAAAAJ","CS"
"aB55FWAAAAAJ","XD"
"ABV6wJ4AAAAJ","BIO"
"acfjWDAAAAAJ","CS"
"aCS1fQoAAAAJ","BIO"
"AcYJb5AAAAAJ","BIO"
"Ad-hkLEAAAAJ","CS"
"AdAd4QIAAAAJ","CS"
"adm2PjUAAAAJ","BIO"
"AeEgcugAAAAJ","CS"
"aePv9fsAAAAJ","BIO"
"AfQipWcAAAAJ","BIO"
"AGNttDIAAAAJ","BIO"
"AH5j40kAAAAJ","CS"
"ahCv50cAAAAJ","CS"
"AHh8JssAAAAJ","CS"
"AIFdovkAAAAJ","BIO"
"aiFvpucAAAAJ","CS"
"aIJ6OrUAAAAJ","BIO"
"aiMWCUwAAAAJ","XD"
"aJOeGRoAAAAJ","XD"
"aKA_hvwAAAAJ","XD"
"aKC3SF8AAAAJ","BIO"
"aKkIMogAAAAJ","CS"
"aL6XtIUAAAAJ","XD"
"Al8dyb4AAAAJ","CS"
"Alc-aWoAAAAJ","CS"
"ALGiEhQAAAAJ","CS"
"aLNjph8AAAAJ","BIO"
"aLOSzWwAAAAJ","CS"
"AlsMV98AAAAJ","XD"
"AlypgX0AAAAJ","XD"
"AmaB9c4AAAAJ","CS"
"AMeXAmQAAAAJ","CS"
"AMGqrI0AAAAJ","CS"
"aN-wgXYAAAAJ","BIO"
"AN-_Gn8AAAAJ","BIO"
"aNFzP50AAAAJ","BIO"
"Anq5D3YAAAAJ","BIO"
"aNRlTa8AAAAJ","XD"
"AOE8PAIAAAAJ","BIO"
"AopgnHAAAAAJ","CS"
"aOy7jnQAAAAJ","CS"
"aoZCW38AAAAJ","CS"
"aP4IPIEAAAAJ","CS"
"Ap4rtrMAAAAJ","BIO"
"APgaFK0AAAAJ","CS"
"AppFY_IAAAAJ","BIO"
"AQ6AppgAAAAJ","XD"
"AQA5QtAAAAAJ","CS"
"aQCRuYQAAAAJ","CS"
"aqV5nJ8AAAAJ","BIO"
"ArqLh94AAAAJ","BIO"
"ArV74ZMAAAAJ","CS"
"ARW3LKEAAAAJ","CS"
"As5Q6HEAAAAJ","BIO"
"asnQluQAAAAJ","BIO"
"AsyAUTIAAAAJ","CS"
"AtApi_QAAAAJ","CS"
"aTlELE8AAAAJ","BIO"
"ATOfqHEAAAAJ","CS"
"aucB85kAAAAJ","XD"
"aupjtosAAAAJ","BIO"
"AUQPlgcAAAAJ","BIO"
"aVg7BRwAAAAJ","CS"
"avI1kmwAAAAJ","BIO"
"aVorcfUAAAAJ","XD"
"avq8-1QAAAAJ","CS"
"Avus2kcAAAAJ","CS"
"aWQabOQAAAAJ","XD"
"AWU0_rQAAAAJ","CS"
"aWZ0YN4AAAAJ","CS"
"AxeeT2wAAAAJ","XD"
"AxO6eKcAAAAJ","BIO"
"axOnEnQAAAAJ","CS"
"aydzTogAAAAJ","CS"
"aYoIn9UAAAAJ","BIO"
"AYpm7KcAAAAJ","CS"
"AYT3-TcAAAAJ","BIO"
"AzdflHYAAAAJ","BIO"
"AzHmOtcAAAAJ","XD"
"aZMY6_UAAAAJ","XD"
"azVcOOgAAAAJ","BIO"
"aZxSckcAAAAJ","BIO"
"a_50FBsAAAAJ","CS"
"a_dbdxAAAAAJ","CS"
"A_Fh1vgAAAAJ","XD"
"a_jZfPwAAAAJ","BIO"
"A_j_baAAAAAJ","CS"
"a_RuArYAAAAJ","XD"
"b-GJ3QIAAAAJ","CS"
"b-t2E4wAAAAJ","XD"
"b053OdAAAAAJ","XD"
"b0k2tTgAAAAJ","CS"
"b1zZKS4AAAAJ","BIO"
"b20J4V4AAAAJ","BIO"
"b2f-PjYAAAAJ","CS"
"b2xYckIAAAAJ","BIO"
"B46xY4sAAAAJ","XD"
"B4VkeloAAAAJ","XD"
"B4xRvYkAAAAJ","BIO"
"B5NDW0EAAAAJ","XD"
"b7djhCMAAAAJ","BIO"
"b7O2JAIAAAAJ","BIO"
"b8cNEHwAAAAJ","CS"
"b8foDKcAAAAJ","BIO"
"B8O_SVkAAAAJ","CS"
"b9gs2WYAAAAJ","CS"
"b9g_qDsAAAAJ","CS"
"bAa___kAAAAJ","XD"
"BaI7l8QAAAAJ","CS"
"bAipNH8AAAAJ","CS"
"Baxmj8AAAAAJ","XD"
"bBf6Ff4AAAAJ","XD"
"bbfF1OwAAAAJ","CS"
"BbzYzsgAAAAJ","XD"
"BbzZlWsAAAAJ","XD"
"bcCYp-0AAAAJ","BIO"
"bcDwcMQAAAAJ","BIO"
"bCMRPogAAAAJ","XD"
"BCRISEEAAAAJ","CS"
"bCTAqq4AAAAJ","CS"
"BD8llAEAAAAJ","XD"
"bDrA1-8AAAAJ","CS"
"BdtB88oAAAAJ","BIO"
"bdUpOTQAAAAJ","CS"
"BDYIAe4AAAAJ","CS"
"be7puvAAAAAJ","BIO"
"Be8vu6sAAAAJ","BIO"
"beAeG20AAAAJ","CS"
"BEEuinQAAAAJ","CS"
"BEHcR-IAAAAJ","XD"
"bENqhCkAAAAJ","XD"
"bf7u8fUAAAAJ","XD"
"BFE6IQwAAAAJ","CS"
"BfF2lIkAAAAJ","XD"
"BFNNvUYAAAAJ","XD"
"bfoVtzwAAAAJ","BIO"
"bfTx0tAAAAAJ","XD"
"bgAgsb0AAAAJ","XD"
"BghVDhgAAAAJ","CS"
"BGRij7sAAAAJ","XD"
"bh-uRFMAAAAJ","XD"
"BhIIVrQAAAAJ","XD"
"bhO5bMAAAAAJ","CS"
"BhqtmXMAAAAJ","BIO"
"Bi8bhC0AAAAJ","CS"
"biuxbRsAAAAJ","CS"
"BIvoTCoAAAAJ","XD"
"BJ1TE4AAAAAJ","XD"
"Bj5YOnYAAAAJ","CS"
"BJAXIbQAAAAJ","CS"
"bkKzaV8AAAAJ","BIO"
"bkN-YUkAAAAJ","CS"
"bKQBZ_4AAAAJ","CS"
"BkrB4awAAAAJ","CS"
"bkvx_BkAAAAJ","BIO"
"BL7eMuQAAAAJ","BIO"
"Blc7qV0AAAAJ","BIO"
"blFs68UAAAAJ","CS"
"blg0nusAAAAJ","XD"
"blwKAkUAAAAJ","XD"
"Bm2cRI4AAAAJ","XD"
"Bm8_iaoAAAAJ","BIO"
"BMcwwBgAAAAJ","BIO"
"bmEAt9AAAAAJ","XD"
"BMlr6vkAAAAJ","BIO"
"BMSO3yEAAAAJ","XD"
"BMVESLIAAAAJ","CS"
"BMydCgcAAAAJ","CS"
"Bn0zSwQAAAAJ","CS"
"bNE_Cy4AAAAJ","BIO"
"BNgzPLQAAAAJ","BIO"
"Bnnj5ScAAAAJ","XD"
"bnoxnFwAAAAJ","CS"
"BnxU9TEAAAAJ","XD"
"BO4a37QAAAAJ","BIO"
"BOSWyvUAAAAJ","CS"
"Bp6tvy0AAAAJ","XD"
"BPLNwNwAAAAJ","BIO"
"Bq50aCUAAAAJ","XD"
"bqkhX54AAAAJ","CS"
"bqlarqIAAAAJ","XD"
"Br2CnUYAAAAJ","CS"
"br7IEH4AAAAJ","BIO"
"brdXz7oAAAAJ","XD"
"bRjJOrMAAAAJ","CS"
"bRqMv80AAAAJ","BIO"
"BS0cWWoAAAAJ","XD"
"bsFxGUIAAAAJ","CS"
"bsoRFLAAAAAJ","CS"
"bsROXv0AAAAJ","XD"
"bsxzelIAAAAJ","BIO"
"bt2wk9EAAAAJ","CS"
"btdnr-gAAAAJ","BIO"
"BteJZfwAAAAJ","XD"
"BtpxluIAAAAJ","CS"
"bU3P8twAAAAJ","XD"
"BUJPA5QAAAAJ","CS"
"BuqiJJwAAAAJ","BIO"
"BvErxkIAAAAJ","BIO"
"BVXyodYAAAAJ","CS"
"BVYbQKkAAAAJ","XD"
"bWL2gvUAAAAJ","XD"
"bWTPrLEAAAAJ","CS"
"Bwtxxf8AAAAJ","XD"
"BXEDBDUAAAAJ","CS"
"bxi6JXYAAAAJ","CS"
"BXp6PIIAAAAJ","CS"
"BY4seCsAAAAJ","BIO"
"bY5WiJIAAAAJ","CS"
"BY9TLu8AAAAJ","BIO"
"bycRtxe_xEAC","BIO"
"bYI7VMwAAAAJ","CS"
"bykS5JAAAAAJ","BIO"
"BzlPljQAAAAJ","BIO"
"bzOPvCYAAAAJ","XD"
"bzw5nP8AAAAJ","BIO"
"b_F9oVsAAAAJ","BIO"
"c-LG6-MAAAAJ","CS"
"C-Vx2wIAAAAJ","BIO"
"c0dqLZAAAAAJ","BIO"
"c0yPSEYAAAAJ","CS"
"C19mgCgAAAAJ","XD"
"C1c54H4AAAAJ","BIO"
"C1CQv3YAAAAJ","BIO"
"C1jREowAAAAJ","BIO"
"C1skWKgAAAAJ","XD"
"C1VwgssAAAAJ","CS"
"C2k6mYwAAAAJ","CS"
"c5HeXxsAAAAJ","CS"
"C6DtGmMAAAAJ","XD"
"C6Pd5zoAAAAJ","CS"
"C7htwEIAAAAJ","CS"
"C7T_UdYAAAAJ","XD"
"c8mdOEgAAAAJ","BIO"
"cA28Zs0AAAAJ","CS"
"CaO1wNAAAAAJ","CS"
"cau1NIYAAAAJ","XD"
"CaVJjX8AAAAJ","XD"
"ca_O-WQAAAAJ","BIO"
"CB3K5kwAAAAJ","CS"
"CBjDcy8AAAAJ","BIO"
"cbQB0MMAAAAJ","XD"
"cbTB5-EAAAAJ","CS"
"cc4Qi_IAAAAJ","CS"
"CcbnBvgAAAAJ","XD"
"CCGI7x4AAAAJ","CS"
"CD6IAXYAAAAJ","BIO"
"cdckpV4AAAAJ","XD"
"CdQUR_wAAAAJ","BIO"
"CE2he2MAAAAJ","BIO"
"CeieiIgAAAAJ","CS"
"cF2lHxgAAAAJ","CS"
"cF6i_goAAAAJ","CS"
"cFbbY_gAAAAJ","XD"
"cfdcgXcAAAAJ","XD"
"CfLHDYgAAAAJ","CS"
"CfnktjkAAAAJ","XD"
"cfwxm0AAAAAJ","BIO"
"CG36zWQAAAAJ","XD"
"cgaU4UkAAAAJ","CS"
"cgBKv78AAAAJ","BIO"
"CgItEbQAAAAJ","CS"
"CGtmFscAAAAJ","BIO"
"CgwmgHoAAAAJ","BIO"
"Cg_mRhMAAAAJ","BIO"
"ChHokKEAAAAJ","BIO"
"CHIZtZAAAAAJ","XD"
"ChtFYsIAAAAJ","BIO"
"chwPsSIAAAAJ","BIO"
"chXHpdIAAAAJ","XD"
"cI-fi9MAAAAJ","XD"
"ci2F0o8AAAAJ","XD"
"CiBRJ_EAAAAJ","CS"
"CidT-JAAAAAJ","CS"
"CIfyNMgAAAAJ","BIO"
"CIh57tYAAAAJ","CS"
"ciQ3dn0AAAAJ","XD"
"CIRxTfUAAAAJ","CS"
"cjkgjggAAAAJ","CS"
"CJKIVooAAAAJ","BIO"
"CJYvcWQAAAAJ","XD"
"cKi7xAcAAAAJ","BIO"
"CknstQwAAAAJ","CS"
"cKqUsd8AAAAJ","BIO"
"CKXeqHoAAAAJ","CS"
"CK_GLC8AAAAJ","CS"
"cl7CnNYAAAAJ","CS"
"cLb-v7gAAAAJ","CS"
"cLjMQqsAAAAJ","CS"
"CLTatQMAAAAJ","BIO"
"CM2zuJkAAAAJ","BIO"
"cmHtVjAAAAAJ","BIO"
"Cmr9ljkAAAAJ","CS"
"CMrWvzUAAAAJ","BIO"
"cMvo_1MAAAAJ","BIO"
"CNkmfDYAAAAJ","XD"
"CO7nYfIAAAAJ","CS"
"COE6KUgAAAAJ","CS"
"COjq9XUAAAAJ","CS"
"Col6iRsAAAAJ","BIO"
"CON0HeQAAAAJ","BIO"
"CONRN6AAAAAJ","XD"
"COuXyKwAAAAJ","CS"
"CoxGqVsAAAAJ","XD"
"CpBXPVoAAAAJ","CS"
"cpgUf6wAAAAJ","CS"
"CPnkYYMAAAAJ","BIO"
"CPye2b4AAAAJ","BIO"
"Cp_G5UwAAAAJ","XD"
"cQ1P1qoAAAAJ","XD"
"CQcd1cQAAAAJ","CS"
"cQknwG0AAAAJ","BIO"
"CqnnE2AAAAAJ","BIO"
"CQ_6m_oAAAAJ","BIO"
"cRRRBAcAAAAJ","CS"
"cS8AAA4AAAAJ","BIO"
"CsGlDGEAAAAJ","CS"
"cshPl0kAAAAJ","CS"
"CsUhHTAAAAAJ","BIO"
"ct3WjtoAAAAJ","XD"
"CTPwvRMAAAAJ","BIO"
"CtxI-i0AAAAJ","BIO"
"CTXoO1AAAAAJ","CS"
"CUbC2zYAAAAJ","CS"
"cUDoNlIAAAAJ","BIO"
"CUkAtC4AAAAJ","CS"
"CUO0vDcAAAAJ","CS"
"cUssgjoAAAAJ","BIO"
"CUXbme0AAAAJ","BIO"
"cVeXErsAAAAJ","BIO"
"cvJWY6kAAAAJ","XD"
"cvK1qxAAAAAJ","BIO"
"cVTdh_sAAAAJ","CS"
"cwa28YMAAAAJ","XD"
"CwLbzcIAAAAJ","BIO"
"CXAN0i0AAAAJ","CS"
"cxcSXXYAAAAJ","BIO"
"CxKgqz0AAAAJ","CS"
"Cxwj5hEAAAAJ","CS"
"CyGvFJkAAAAJ","XD"
"cYmUpBQAAAAJ","BIO"
"CyQYgR0AAAAJ","BIO"
"cYReSuEAAAAJ","CS"
"CZyWk8kAAAAJ","XD"
"C_cWJIkAAAAJ","CS"
"c_hM9mAAAAAJ","XD"
"d-hWatsAAAAJ","BIO"
"D-n1130AAAAJ","XD"
"d0JlvYAAAAAJ","BIO"
"d0KQ9z0AAAAJ","CS"
"D0lL1r0AAAAJ","CS"
"d1Jk5ecAAAAJ","BIO"
"d1KEK84AAAAJ","CS"
"D2K-ADYAAAAJ","CS"
"D2NdW5YAAAAJ","CS"
"D2P2B0MAAAAJ","CS"
"d33xc6kAAAAJ","BIO"
"d34JIC8AAAAJ","BIO"
"D3aAA1wAAAAJ","BIO"
"D3JAXKsAAAAJ","BIO"
"d3UtiX8AAAAJ","XD"
"d5HLoWUAAAAJ","XD"
"d5WWJFkAAAAJ","BIO"
"D6fk8zcAAAAJ","XD"
"D6fp6_cAAAAJ","CS"
"D6ptFeMAAAAJ","CS"
"d7Gx1QYAAAAJ","XD"
"D8O1JNrl--gC","BIO"
"d8YkitgAAAAJ","CS"
"d97bGd8AAAAJ","CS"
"D9trGPkAAAAJ","BIO"
"D9UDlHYAAAAJ","XD"
"d9Y04UwAAAAJ","CS"
"Da-s1FQAAAAJ","CS"
"dACRUjgAAAAJ","CS"
"DaDmjMMAAAAJ","CS"
"DaFuSLUAAAAJ","CS"
"DaGZRjAAAAAJ","BIO"
"Db4BCX8AAAAJ","CS"
"dBBs4gHgn3cC","BIO"
"DbDbLZEAAAAJ","XD"
"DbZWZr8AAAAJ","XD"
"dCj_AtQAAAAJ","CS"
"dCWcLaUAAAAJ","BIO"
"Dd4dphgAAAAJ","BIO"
"DD6_7kwAAAAJ","XD"
"Ddfev5kAAAAJ","XD"
"DdNAgNwAAAAJ","CS"
"DDtrs1EAAAAJ","BIO"
"DDxFvcIAAAAJ","CS"
"deH55NMAAAAJ","XD"
"DeKa-fwAAAAJ","BIO"
"dfj3gcAAAAAJ","BIO"
"DFk64hIAAAAJ","XD"
"DFqp8NkAAAAJ","CS"
"DFUW1KgAAAAJ","CS"
"dG604wQAAAAJ","BIO"
"dgBh0UMAAAAJ","CS"
"DGqqwrQAAAAJ","CS"
"dgRIYXIAAAAJ","CS"
"dGs2BcIAAAAJ","CS"
"dGuYytYAAAAJ","CS"
"Dh-xOjwAAAAJ","BIO"
"DhhH9J4AAAAJ","XD"
"dHiM2IcAAAAJ","CS"
"dhP2P4cAAAAJ","XD"
"dhwyJggAAAAJ","CS"
"DI23xwMAAAAJ","XD"
"DI8bU-0AAAAJ","CS"
"Dj3gptkAAAAJ","XD"
"dj4EiqsAAAAJ","BIO"
"DJ6--hMAAAAJ","CS"
"dJlucB8AAAAJ","XD"
"djRAUcYAAAAJ","BIO"
"DK6Hz0oAAAAJ","BIO"
"DKfEcuEAAAAJ","XD"
"DknsgF8AAAAJ","XD"
"DKuq2fIAAAAJ","CS"
"Dl0vAp8AAAAJ","CS"
"dl2MfAoAAAAJ","BIO"
"DlLniqwAAAAJ","BIO"
"DLuOkToAAAAJ","BIO"
"dlV-qnUAAAAJ","CS"
"DlWkhUkAAAAJ","XD"
"Dm-CryUAAAAJ","BIO"
"dmM6v4gAAAAJ","XD"
"DnnCWN0AAAAJ","XD"
"Dn_qYK8AAAAJ","CS"
"dOCmXwMAAAAJ","BIO"
"DOe1Bl8AAAAJ","XD"
"doh5By4AAAAJ","XD"
"dok0514AAAAJ","CS"
"Dp3nYY0AAAAJ","XD"
"dPgyka0AAAAJ","XD"
"dpH_nwUAAAAJ","BIO"
"DpLFv4gAAAAJ","CS"
"dPX0wQcAAAAJ","CS"
"DP_EJ4gAAAAJ","BIO"
"DQaARsgAAAAJ","XD"
"DqCFHY8AAAAJ","CS"
"dqVEA2sAAAAJ","BIO"
"DqXsbPAAAAAJ","CS"
"dqY6PyYAAAAJ","CS"
"DR53HeUAAAAJ","BIO"
"DS6rCasAAAAJ","CS"
"dShqnssAAAAJ","CS"
"DSiNzkIAAAAJ","CS"
"DSLquxEAAAAJ","XD"
"DSQtNmUAAAAJ","BIO"
"DsR4PucAAAAJ","XD"
"Dt5ftZcAAAAJ","CS"
"dT7yOrwAAAAJ","CS"
"DTijWhgAAAAJ","BIO"
"dtSGpBEAAAAJ","BIO"
"DTthB48AAAAJ","CS"
"DUaLtscAAAAJ","XD"
"dufShEsAAAAJ","XD"
"DulpV-cAAAAJ","CS"
"duOys3YAAAAJ","CS"
"DuXdQFkAAAAJ","CS"
"dVbRE1YAAAAJ","BIO"
"dvl7hJEAAAAJ","XD"
"dvvN6qsAAAAJ","CS"
"Dw2YCUcAAAAJ","BIO"
"DW7krlcAAAAJ","BIO"
"dWVyVm4AAAAJ","BIO"
"dxCq0WoAAAAJ","CS"
"DXjBcwsAAAAJ","BIO"
"DxoenfgAAAAJ","XD"
"DxSdANoAAAAJ","BIO"
"dxUyNuoAAAAJ","BIO"
"dxwra60AAAAJ","XD"
"dywFuRMAAAAJ","CS"
"Dzf46C8AAAAJ","XD"
"Dzh5C9EAAAAJ","CS"
"DzHPx8IAAAAJ","XD"
"dzMhIxQAAAAJ","BIO"
"DzvXnyoAAAAJ","CS"
"D_3H_9wAAAAJ","BIO"
"D_JpQnAAAAAJ","XD"
"d_rxnzAAAAAJ","XD"
"e-c3R8QAAAAJ","XD"
"E-sFjjsAAAAJ","BIO"
"e-x_OTAAAAAJ","XD"
"E0GO0JkAAAAJ","XD"
"E0NwK2AAAAAJ","CS"
"E130CB8AAAAJ","XD"
"E1cp_aYAAAAJ","CS"
"e1MZuKIAAAAJ","CS"
"E2-uIQYAAAAJ","XD"
"E2RYCMQAAAAJ","BIO"
"E3APGcgAAAAJ","XD"
"e3Vv6FwAAAAJ","BIO"
"e4I7ihkAAAAJ","CS"
"e4JfTgsAAAAJ","BIO"
"E4kvshMAAAAJ","CS"
"e4QLgGsAAAAJ","XD"
"e4_ZXcwAAAAJ","XD"
"e5alfo0AAAAJ","XD"
"E5cG_9gAAAAJ","BIO"
"E5y_8wIAAAAJ","BIO"
"E5zViqcAAAAJ","BIO"
"E6GRsP4AAAAJ","BIO"
"e6JywScAAAAJ","CS"
"E73KD4MAAAAJ","XD"
"E7iXdMIAAAAJ","BIO"
"E7kDxi4AAAAJ","XD"
"e7V7-gEAAAAJ","XD"
"e7VI_HcAAAAJ","CS"
"e8aRmAsAAAAJ","XD"
"e8e5qGcAAAAJ","CS"
"e9OxXgwAAAAJ","CS"
"e9p7q6MAAAAJ","BIO"
"e9v9lkgAAAAJ","BIO"
"e9xnMAEAAAAJ","BIO"
"ea6cjVUAAAAJ","CS"
"Ea7ExWgAAAAJ","BIO"
"eaexvuEAAAAJ","XD"
"eaMNlu8AAAAJ","CS"
"EAQfVXgAAAAJ","CS"
"EaQxCvUAAAAJ","BIO"
"eAwnN44AAAAJ","CS"
"EaxDWUoAAAAJ","XD"
"EAzpJiQAAAAJ","BIO"
"EBjFxk8AAAAJ","CS"
"EBnjjY8AAAAJ","BIO"
"eBqftc8AAAAJ","CS"
"EcMD4XQAAAAJ","BIO"
"ecNmblAAAAAJ","CS"
"eCnWWmYAAAAJ","BIO"
"ecPAWS8AAAAJ","CS"
"eCv3gnMAAAAJ","XD"
"eCW7EtgAAAAJ","BIO"
"EDC2EP0AAAAJ","CS"
"edQgLXcAAAAJ","CS"
"Edw0tIYAAAAJ","BIO"
"ee5pjPsAAAAJ","BIO"
"EeGvHIoAAAAJ","BIO"
"eegYQdMAAAAJ","BIO"
"EetL2HQAAAAJ","CS"
"eEYPTKUAAAAJ","CS"
"EFCJtEwAAAAJ","CS"
"EFD4OrIAAAAJ","XD"
"EFEC_toAAAAJ","XD"
"EFlfpXQAAAAJ","BIO"
"EfuT9RoAAAAJ","XD"
"EFVX84sAAAAJ","CS"
"eFyzZ8wAAAAJ","BIO"
"EggUEWgAAAAJ","XD"
"EGnp1r8AAAAJ","BIO"
"eHhHOD0AAAAJ","CS"
"EhRzLhQAAAAJ","CS"
"EIgDkCUAAAAJ","BIO"
"eiqD0hoAAAAJ","CS"
"EiXpVxwAAAAJ","CS"
"eIYoeT4AAAAJ","CS"
"EJ-cby0AAAAJ","XD"
"eJ5nA0kAAAAJ","CS"
"ejAySV8AAAAJ","BIO"
"EjkAuCoAAAAJ","XD"
"ejoWKqsAAAAJ","BIO"
"ejR8Xx0AAAAJ","BIO"
"elAHayUAAAAJ","XD"
"eLll3xoAAAAJ","BIO"
"ElqwScwAAAAJ","CS"
"ElTNdUwAAAAJ","BIO"
"eMc-6hoAAAAJ","BIO"
"EmD8988AAAAJ","XD"
"EmLddhQAAAAJ","BIO"
"eMs1ptMAAAAJ","XD"
"EmY0Q7oAAAAJ","XD"
"EnCwNycAAAAJ","CS"
"EnEiF7oAAAAJ","CS"
"enjXdH4AAAAJ","BIO"
"enSDeE8AAAAJ","XD"
"ENTGDS8AAAAJ","BIO"
"eoRn6NkAAAAJ","CS"
"ePiPQ2cAAAAJ","CS"
"eq4egiwAAAAJ","CS"
"eQ8KEHoAAAAJ","XD"
"EqetexsAAAAJ","CS"
"eQUn8ugAAAAJ","CS"
"Er-gEaoAAAAJ","CS"
"ERUd22YAAAAJ","BIO"
"Es-YRKMAAAAJ","XD"
"Es6jE1kAAAAJ","CS"
"ESfeLxQAAAAJ","BIO"
"esFM64IAAAAJ","BIO"
"eslOPdYAAAAJ","BIO"
"EsMQds4AAAAJ","CS"
"esPRxUoAAAAJ","BIO"
"eSYDGdsAAAAJ","CS"
"eT0-xbEAAAAJ","BIO"
"eT3qle0AAAAJ","BIO"
"eTD7Em8AAAAJ","CS"
"EtRpNRAAAAAJ","XD"
"eu7wk3kAAAAJ","XD"
"eUgyFekAAAAJ","BIO"
"EUMYhUvzt6IC","CS"
"Evgx6UkAAAAJ","CS"
"Evt-0DUAAAAJ","BIO"
"EvWHHJMAAAAJ","XD"
"EwnzYGUAAAAJ","XD"
"ex9BQiIAAAAJ","CS"
"ExEEjcQAAAAJ","CS"
"eXKdSu0AAAAJ","XD"
"ExyBO8AAAAAJ","CS"
"exyen9EAAAAJ","BIO"
"ey960FIAAAAJ","CS"
"eyq1L0gAAAAJ","XD"
"eytkhI0AAAAJ","CS"
"EyUdMn0AAAAJ","BIO"
"EZk2dkwAAAAJ","BIO"
"EZQycM0AAAAJ","BIO"
"eZr-ai0AAAAJ","XD"
"Ezrt3pkAAAAJ","CS"
"ezVN9NUAAAAJ","XD"
"F--iDiMAAAAJ","BIO"
"f-Ix2REAAAAJ","XD"
"F-MEiNAAAAAJ","BIO"
"F-UtakEAAAAJ","XD"
"f-wp99AAAAAJ","CS"
"f0NoTC0AAAAJ","CS"
"F0vOTLQAAAAJ","XD"
"f28F1YUAAAAJ","CS"
"F2cBeqkAAAAJ","XD"
"f3GIS0QAAAAJ","BIO"
"f4eLuf8AAAAJ","BIO"
"F4tTgLQAAAAJ","XD"
"F4v_MEIAAAAJ","CS"
"f4W-y6AAAAAJ","BIO"
"f5CUbRIAAAAJ","XD"
"f6JF7BkAAAAJ","CS"
"F6LzqwMAAAAJ","CS"
"f7e4D8cAAAAJ","XD"
"f7laURkAAAAJ","CS"
"f8FjAtMAAAAJ","CS"
"F9JBkRQAAAAJ","BIO"
"F9kqUXkAAAAJ","CS"
"FA3SUH4AAAAJ","BIO"
"fABXPQQAAAAJ","BIO"
"FaGbxW0AAAAJ","CS"
"FANRIhwAAAAJ","CS"
"fasXmPQAAAAJ","CS"
"fAw_t5EAAAAJ","CS"
"FaY_RgsAAAAJ","CS"
"fcQXfZIAAAAJ","BIO"
"fDdcWBEAAAAJ","CS"
"FDu4ciwAAAAJ","CS"
"fe5GDukAAAAJ","BIO"
"Fe9NgoEAAAAJ","BIO"
"fEBBMXMAAAAJ","XD"
"FEBziZ0AAAAJ","XD"
"fecQGekAAAAJ","CS"
"FEE_Gw0AAAAJ","BIO"
"fEVXhhAAAAAJ","CS"
"fEYp6hEAAAAJ","CS"
"fez4ulcAAAAJ","CS"
"fEZG8HkAAAAJ","BIO"
"Ff6era8AAAAJ","XD"
"ffdt7gMAAAAJ","CS"
"FfFBUCUAAAAJ","XD"
"FfqHjHoAAAAJ","BIO"
"FfSp-toAAAAJ","XD"
"FFukl3oAAAAJ","BIO"
"ffUu1PcAAAAJ","CS"
"FG5TJpoAAAAJ","XD"
"fGahbL0AAAAJ","BIO"
"fGcKnpIAAAAJ","CS"
"FGq2FDEAAAAJ","BIO"
"fHeiNpIAAAAJ","BIO"
"FI1LIZ8AAAAJ","CS"
"Fi3oKmQAAAAJ","BIO"
"FI5-sZEAAAAJ","CS"
"fIl48pMAAAAJ","BIO"
"fIoDWp8AAAAJ","XD"
"FIX1U8EAAAAJ","XD"
"FJ-huxgAAAAJ","XD"
"FjV70BwAAAAJ","XD"
"fJY0snwAAAAJ","XD"
"fk5mG1wAAAAJ","BIO"
"FKbHXRUAAAAJ","CS"
"fKESO6sAAAAJ","CS"
"fkGi-JMAAAAJ","XD"
"fljUQhYAAAAJ","BIO"
"fLKTb6EAAAAJ","XD"
"fLLgLRMAAAAJ","CS"
"FM3vRPgAAAAJ","CS"
"FmrDR68AAAAJ","CS"
"fmSHtE8AAAAJ","XD"
"fmsV6nEAAAAJ","CS"
"fN4OjwUAAAAJ","BIO"
"Fn5PadcAAAAJ","CS"
"fnDgjtEAAAAJ","BIO"
"fnE2dSoAAAAJ","XD"
"FnOFeqkAAAAJ","XD"
"fNW5X34AAAAJ","BIO"
"fNX1mOIAAAAJ","XD"
"FNXlCHUAAAAJ","BIO"
"FODlT4sAAAAJ","CS"
"foNB6isAAAAJ","BIO"
"forPRN8AAAAJ","XD"
"fOznM_YAAAAJ","XD"
"FpjmmuQAAAAJ","BIO"
"FPpZDF0AAAAJ","BIO"
"FPytZ9UAAAAJ","BIO"
"fqCQ8cgAAAAJ","BIO"
"fqDBtzYAAAAJ","CS"
"fqsgCbAAAAAJ","XD"
"fqy0tRYAAAAJ","BIO"
"fr0-PcUAAAAJ","BIO"
"fr5mu_cAAAAJ","BIO"
"FrMOlk8AAAAJ","CS"
"frOtmtAAAAAJ","XD"
"frWTdZ8AAAAJ","BIO"
"FsBCAfgAAAAJ","CS"
"FSFoY5EAAAAJ","BIO"
"FSkmWXYAAAAJ","XD"
"fSQCT0YAAAAJ","CS"
"fSYvY7sAAAAJ","XD"
"Ft1eQWUAAAAJ","XD"
"Ftj1h4cAAAAJ","XD"
"FUJJ66cAAAAJ","XD"
"fUkICMwAAAAJ","XD"
"FuOqWNEAAAAJ","CS"
"fup4ihsAAAAJ","BIO"
"fUTN90MAAAAJ","CS"
"fUwwsXQAAAAJ","BIO"
"FUWxMaQAAAAJ","CS"
"fv1RjgEAAAAJ","BIO"
"fVCZuxAAAAAJ","BIO"
"FVTgmOwAAAAJ","CS"
"FVUQ30YAAAAJ","BIO"
"FWjqglcAAAAJ","CS"
"FXbbGUYAAAAJ","BIO"
"fxT5ulwAAAAJ","BIO"
"fXTd_SwAAAAJ","BIO"
"FY0bTnMAAAAJ","BIO"
"fyf_Vt4AAAAJ","BIO"
"FyhRqdYAAAAJ","BIO"
"Fz-5bdcAAAAJ","BIO"
"FzBDS4gAAAAJ","CS"
"F_Go4V4AAAAJ","XD"
"f_kGJwkAAAAJ","CS"
"g--NxecAAAAJ","BIO"
"G-HYm8EAAAAJ","XD"
"g-WedwYAAAAJ","CS"
"g0s8hgEAAAAJ","XD"
"G0WcJagAAAAJ","XD"
"g26ZEaoAAAAJ","BIO"
"G2EJz5kAAAAJ","CS"
"g2v_-SkAAAAJ","XD"
"G4Np3c0AAAAJ","BIO"
"g5tssnkAAAAJ","BIO"
"G6DD7GQAAAAJ","BIO"
"G6kA1CMAAAAJ","CS"
"g6noKX0AAAAJ","XD"
"G6XN5cRm0FIJ","CS"
"G7D5O-0AAAAJ","CS"
"g9bV-_sAAAAJ","CS"
"GaARSBEAAAAJ","BIO"
"GAkCu5kAAAAJ","BIO"
"gaO-vS4AAAAJ","CS"
"GAOlOs4AAAAJ","XD"
"gAP-9H8AAAAJ","CS"
"gAqwRfsAAAAJ","BIO"
"gaUJw58AAAAJ","BIO"
"gaXiAekAAAAJ","CS"
"gb2r2ssAAAAJ","CS"
"gb8sbdcAAAAJ","XD"
"gBefoakAAAAJ","XD"
"GbhwSZQAAAAJ","BIO"
"gBqwABAAAAAJ","BIO"
"Gc5_cCEAAAAJ","BIO"
"Gd39c9gAAAAJ","BIO"
"GD3jwG8AAAAJ","XD"
"GDuQaLIAAAAJ","XD"
"GdZvLR0AAAAJ","BIO"
"gE3DQUEAAAAJ","BIO"
"gEMiMt0AAAAJ","XD"
"GerRNbUAAAAJ","BIO"
"gexxlUYAAAAJ","CS"
"gFb9vegAAAAJ","CS"
"gg4kYgwAAAAJ","XD"
"GgKnNwEAAAAJ","CS"
"gglBK4QAAAAJ","BIO"
"GglcIVYAAAAJ","XD"
"GgQ9GEkAAAAJ","CS"
"gGSiW3YAAAAJ","CS"
"gh4gGRsAAAAJ","BIO"
"gHfzsl4AAAAJ","CS"
"GHMy08gAAAAJ","BIO"
"GhvZjJUAAAAJ","XD"
"ghWKWBUAAAAJ","CS"
"GHz1ZVIAAAAJ","CS"
"GIle-VwAAAAJ","XD"
"GJ2DVWUAAAAJ","BIO"
"gJczeYYAAAAJ","BIO"
"GJHeanUAAAAJ","BIO"
"GjhiSf8AAAAJ","XD"
"gjIz2bsAAAAJ","BIO"
"gJkhFkgAAAAJ","XD"
"Gjll3ewAAAAJ","BIO"
"gkACFVcAAAAJ","XD"
"gKTHzuAAAAAJ","XD"
"GKTKZ8kAAAAJ","XD"
"GKvAsQMAAAAJ","CS"
"GkvvVp8AAAAJ","XD"
"GlGy7vgAAAAJ","XD"
"GljRwkUAAAAJ","XD"
"GlqwYCwAAAAJ","XD"
"gM2WW9UAAAAJ","CS"
"GM40vTUAAAAJ","BIO"
"gM6KdmUAAAAJ","BIO"
"gMaqs9cAAAAJ","CS"
"GmcChLIAAAAJ","CS"
"gMndACUAAAAJ","CS"
"gMOBKfUAAAAJ","CS"
"gMQWxE0AAAAJ","CS"
"gMtCeMwAAAAJ","BIO"
"Gn5kfF8AAAAJ","CS"
"gncxCf4AAAAJ","XD"
"GnDVXWcAAAAJ","XD"
"GNEppUEAAAAJ","XD"
"gNMqz_4AAAAJ","XD"
"GnU8mlsAAAAJ","XD"
"GOjybYoAAAAJ","BIO"
"GOOFRX0AAAAJ","XD"
"GPlRHI8AAAAJ","BIO"
"gpQ-Vh4AAAAJ","BIO"
"gQ0QCfAAAAAJ","BIO"
"gqB23VMAAAAJ","CS"
"gqGfIIsAAAAJ","CS"
"GqI1Ma4AAAAJ","BIO"
"gQOKAggAAAAJ","CS"
"GR5FOqMAAAAJ","XD"
"GREz0H0AAAAJ","BIO"
"GRGOG1AAAAAJ","CS"
"GRlw3rcAAAAJ","CS"
"grQ_GBgAAAAJ","CS"
"grYHYo0AAAAJ","XD"
"Gs5F2jYAAAAJ","CS"
"GST4nE0AAAAJ","BIO"
"gs_WpWIAAAAJ","CS"
"GTGud6oAAAAJ","BIO"
"gTInMR0AAAAJ","BIO"
"gTYcv5gAAAAJ","XD"
"GU0SZmYAAAAJ","CS"
"GUAoEcAAAAAJ","CS"
"gUEkPQEAAAAJ","CS"
"guhwcP8AAAAJ","CS"
"GUucp2UAAAAJ","CS"
"gvo0nMsAAAAJ","CS"
"gVUD47sAAAAJ","CS"
"gVwJZpAAAAAJ","BIO"
"gVZmNskAAAAJ","BIO"
"gWBoNCsAAAAJ","CS"
"gwC7rCUAAAAJ","XD"
"Gwd6p_8AAAAJ","XD"
"Gwrwxa0AAAAJ","XD"
"GwtVjKYAAAAJ","CS"
"Gx8Rpr4AAAAJ","CS"
"GxE6F0cAAAAJ","BIO"
"gYdteuwAAAAJ","BIO"
"gyIf7XIAAAAJ","CS"
"gyL3CZ0AAAAJ","XD"
"gyLFs0IAAAAJ","CS"
"GYmhyu4AAAAJ","XD"
"GzG5kRAAAAAJ","XD"
"G_9MWCgAAAAJ","XD"
"g_kcwSoAAAAJ","XD"
"g_oE5yUAAAAJ","BIO"
"g_uZDGYAAAAJ","XD"
"G_wlUu8AAAAJ","BIO"
"h-3YCacAAAAJ","XD"
"h-JEcQ8AAAAJ","CS"
"H0fC2pEAAAAJ","XD"
"h0gtwxIAAAAJ","CS"
"H0Y2wgUAAAAJ","CS"
"H12ZKAEAAAAJ","BIO"
"H15F-wYAAAAJ","BIO"
"H1OAQgUAAAAJ","BIO"
"H1XVLwsAAAAJ","CS"
"h20U9WcAAAAJ","XD"
"h3gpLYAAAAAJ","CS"
"h3L7zkoAAAAJ","CS"
"H3vXtAUAAAAJ","BIO"
"H3wb878AAAAJ","CS"
"H4cQsHAAAAAJ","CS"
"H4dLAw0AAAAJ","CS"
"h4i4fh8AAAAJ","XD"
"H4rKFc8AAAAJ","CS"
"H4UeZ2MAAAAJ","XD"
"h5gEfxsAAAAJ","XD"
"h6jljQQAAAAJ","CS"
"h6yXnyEAAAAJ","CS"
"H73aVRAAAAAJ","BIO"
"H790-zwAAAAJ","CS"
"H7RavtAAAAAJ","BIO"
"H9g7NyAAAAAJ","BIO"
"hA7ADOUAAAAJ","BIO"
"HaI6LesAAAAJ","CS"
"Hb6J54cAAAAJ","CS"
"HbFGylgAAAAJ","CS"
"HBgEJU0AAAAJ","BIO"
"HBi2xQkAAAAJ","BIO"
"hBK59KQAAAAJ","XD"
"hBQ6fOEAAAAJ","BIO"
"hbrClrEAAAAJ","CS"
"hBsaDzUAAAAJ","BIO"
"HBtUqDIAAAAJ","BIO"
"HBUSGosAAAAJ","BIO"
"hc1m_BQAAAAJ","XD"
"hc9PP9gAAAAJ","CS"
"hcqjUUQAAAAJ","XD"
"hcuuM8gAAAAJ","BIO"
"HDbOhqYAAAAJ","BIO"
"hDcfRZEAAAAJ","BIO"
"hDLBEhkAAAAJ","XD"
"hdoSFx0AAAAJ","CS"
"HEAE9XsAAAAJ","CS"
"heYuqBkAAAAJ","CS"
"HF2G3LAAAAAJ","CS"
"hfADwdIAAAAJ","CS"
"hfK1RCgAAAAJ","BIO"
"hFrN_-0AAAAJ","XD"
"Hft_8cgAAAAJ","CS"
"hgOSI1EAAAAJ","CS"
"hgUGouQAAAAJ","XD"
"Hh7K_xMAAAAJ","XD"
"HHd7uewAAAAJ","CS"
"HHialjcAAAAJ","XD"
"hHKC6FEAAAAJ","XD"
"HHn7118AAAAJ","CS"
"hhOdBSYAAAAJ","BIO"
"hI4XguUAAAAJ","CS"
"hIq09eUAAAAJ","CS"
"HiqW7EoAAAAJ","CS"
"hiWagvQAAAAJ","BIO"
"HJ2DgisAAAAJ","XD"
"hJuusUEAAAAJ","XD"
"hjYT3JYAAAAJ","CS"
"HkB_Gz0AAAAJ","CS"
"hKeWP2sAAAAJ","XD"
"HKGYvu4AAAAJ","CS"
"hKTEh5oAAAAJ","XD"
"hL5ZhAQAAAAJ","XD"
"HlEEUUIAAAAJ","BIO"
"HlPjq-YAAAAJ","XD"
"HLRZ3oAAAAAJ","XD"
"hLSAMi8AAAAJ","CS"
"HLv0dl0AAAAJ","CS"
"HlXPvCoAAAAJ","CS"
"hma0WFAAAAAJ","CS"
"hmq4rGIAAAAJ","XD"
"HMQvdu8AAAAJ","XD"
"hmvHbL8AAAAJ","XD"
"hmy9MpkAAAAJ","BIO"
"HMZurWoAAAAJ","BIO"
"HnD2xxIAAAAJ","BIO"
"Ho2P5DYAAAAJ","BIO"
"hoGTGlMAAAAJ","XD"
"hOlkT4sAAAAJ","CS"
"HoQtR3cAAAAJ","CS"
"Hq28JM0AAAAJ","CS"
"hQazr50AAAAJ","XD"
"HQeEzR0AAAAJ","CS"
"hQtEfQcAAAAJ","CS"
"hqTu-QcAAAAJ","CS"
"hQZxBb0AAAAJ","BIO"
"HQZYwEcAAAAJ","XD"
"hRggMmIAAAAJ","CS"
"HriWXcEAAAAJ","CS"
"HRSDO6IAAAAJ","XD"
"HRx2lJQAAAAJ","BIO"
"hS9gtcwAAAAJ","XD"
"HsCLriEAAAAJ","BIO"
"hsJqhNAAAAAJ","CS"
"HSygdAYAAAAJ","CS"
"HTbZCZ4AAAAJ","XD"
"Htf2zbsAAAAJ","XD"
"HtgKHRIAAAAJ","CS"
"htRNTnYAAAAJ","BIO"
"hTsDchEAAAAJ","XD"
"hTyZBhMAAAAJ","CS"
"HU1ZfyQAAAAJ","BIO"
"huaPPRsAAAAJ","BIO"
"HUDkqSoAAAAJ","XD"
"HuSHIWkAAAAJ","CS"
"hv59470AAAAJ","BIO"
"hVsnXOQAAAAJ","BIO"
"hvT2mb8AAAAJ","BIO"
"HVtr6AIAAAAJ","BIO"
"HVtSJJsAAAAJ","XD"
"hVUzp6EAAAAJ","XD"
"HvwPRJ0AAAAJ","CS"
"hv_GqN4AAAAJ","XD"
"hwc6A1MAAAAJ","CS"
"HWF6UxgAAAAJ","XD"
"hwqQOpUAAAAJ","BIO"
"HWSuYAEAAAAJ","CS"
"hWYleB8AAAAJ","XD"
"hX7X5ioAAAAJ","BIO"
"hxHYAA8AAAAJ","BIO"
"hxlxVEUAAAAJ","XD"
"hXpZynkAAAAJ","CS"
"hybHuxYAAAAJ","BIO"
"Hyhp_zUAAAAJ","CS"
"hz1S-asAAAAJ","CS"
"hZxtGocAAAAJ","BIO"
"h_BrebAAAAAJ","BIO"
"h_MOIUUAAAAJ","XD"
"h_vjSXoAAAAJ","BIO"
"I-DJ7EsAAAAJ","CS"
"I-rKkyEAAAAJ","CS"
"I0ZGaCQAAAAJ","CS"
"I1EvjZsAAAAJ","CS"
"I1fl4oAAAAAJ","XD"
"I1w51gUAAAAJ","XD"
"i28fU0MAAAAJ","CS"
"i3pEsbgAAAAJ","XD"
"I4iKZSkAAAAJ","CS"
"I4TkqC0AAAAJ","XD"
"i4_3daEAAAAJ","CS"
"I5zd7t0AAAAJ","CS"
"i632EEwAAAAJ","XD"
"I8UXifUAAAAJ","BIO"
"I9cyQTQAAAAJ","BIO"
"IAywpN4AAAAJ","BIO"
"ibITRigAAAAJ","CS"
"iBl-QgEAAAAJ","CS"
"iB_t3xsAAAAJ","BIO"
"icbo4M0AAAAJ","CS"
"ICe2FxkAAAAJ","BIO"
"icGNWj4AAAAJ","XD"
"ICngR3sAAAAJ","CS"
"IcW1vJEAAAAJ","CS"
"iCWiQi8AAAAJ","CS"
"ID4wZFwAAAAJ","CS"
"Id792TsAAAAJ","CS"
"IdDGv6oAAAAJ","XD"
"iDmkDqMAAAAJ","BIO"
"iDMvmEYAAAAJ","CS"
"IdRYT-8AAAAJ","CS"
"IdWa_JkAAAAJ","CS"
"IeBc5OsAAAAJ","XD"
"IEctSMcAAAAJ","BIO"
"ieD5uTEAAAAJ","XD"
"iEGYZT4AAAAJ","CS"
"IEHo6YcAAAAJ","CS"
"IEKMwakAAAAJ","BIO"
"Ieo0BVEAAAAJ","BIO"
"IeqjwlIAAAAJ","CS"
"if0wXOEAAAAJ","BIO"
"If_k6LgAAAAJ","XD"
"iGccVmEAAAAJ","CS"
"IGDs4HwAAAAJ","CS"
"iGKJKNQAAAAJ","XD"
"igVM0AEAAAAJ","XD"
"IGyIeMsAAAAJ","BIO"
"iHpqfoQAAAAJ","XD"
"iIiVrrQAAAAJ","CS"
"iIPwqbMAAAAJ","XD"
"IirM9zMAAAAJ","XD"
"Iiut4KYAAAAJ","CS"
"iiyj5MsAAAAJ","XD"
"IjbhBJsAAAAJ","XD"
"IJLURXkAAAAJ","XD"
"IjteorwAAAAJ","BIO"
"ikdhy6gAAAAJ","XD"
"ikn-xhYAAAAJ","CS"
"IKz0hvkAAAAJ","CS"
"iL-hxJoAAAAJ","CS"
"ILQfpvIAAAAJ","BIO"
"iLQqwosAAAAJ","XD"
"iLWANowAAAAJ","BIO"
"im5aMngAAAAJ","XD"
"ImCQugUAAAAJ","BIO"
"Imh0w3AAAAAJ","CS"
"ImpbxLsAAAAJ","XD"
"imy3JY0AAAAJ","XD"
"in6eBIwAAAAJ","CS"
"iNbxQUEAAAAJ","BIO"
"inGtCcMAAAAJ","CS"
"IoGj8UEAAAAJ","CS"
"iopnWAMAAAAJ","XD"
"IPbxgZkAAAAJ","XD"
"iPcxP0YAAAAJ","CS"
"iPDwvU8AAAAJ","CS"
"iPTO_FEAAAAJ","XD"
"iqlfboYAAAAJ","BIO"
"IQosWycAAAAJ","CS"
"iQV2L2IAAAAJ","CS"
"IqzMas0AAAAJ","XD"
"iRaegw8AAAAJ","BIO"
"IrcFO1AAAAAJ","CS"
"iRfqtIEAAAAJ","BIO"
"irlmY1YAAAAJ","BIO"
"IrPitBgAAAAJ","XD"
"IrX5ZzQAAAAJ","BIO"
"iSEAH2MAAAAJ","XD"
"IsQQCHAAAAAJ","CS"
"ISRNX3gAAAAJ","XD"
"iSSbrhwAAAAJ","XD"
"it1vhYAAAAAJ","CS"
"iTii9qEAAAAJ","XD"
"ITJOwHEAAAAJ","XD"
"iTv2cOgAAAAJ","CS"
"IUFloN8AAAAJ","BIO"
"iuJrwKYAAAAJ","BIO"
"IUZgJogAAAAJ","CS"
"ivApfKcAAAAJ","CS"
"IvuuU14AAAAJ","XD"
"IWcGY98AAAAJ","XD"
"Iwd9DdkAAAAJ","CS"
"IWdFbTQAAAAJ","BIO"
"IwkyeWgAAAAJ","XD"
"iWq6Tn4AAAAJ","CS"
"Ixa74FIAAAAJ","CS"
"Ixhn-sQAAAAJ","BIO"
"IXiAPMoAAAAJ","CS"
"IXnzCb8AAAAJ","XD"
"iy321KUAAAAJ","BIO"
"iYgWtREAAAAJ","CS"
"IyjGlJ8AAAAJ","XD"
"iZ6IqSYAAAAJ","BIO"
"izDottUAAAAJ","BIO"
"iZgkmFIAAAAJ","XD"
"IzhtPq4AAAAJ","XD"
"IzLlyzsAAAAJ","CS"
"izMnGyMAAAAJ","CS"
"izVO9pYAAAAJ","XD"
"Izwn0HcAAAAJ","XD"
"IzXDyR8AAAAJ","CS"
"I_N__-QAAAAJ","CS"
"I_YsXU4AAAAJ","CS"
"J09a41oAAAAJ","XD"
"J0SKz5YAAAAJ","CS"
"J12C3nYAAAAJ","CS"
"J1a81tAAAAAJ","BIO"
"J1tqbNAAAAAJ","CS"
"j38QfhkAAAAJ","CS"
"J5f4Gq8AAAAJ","CS"
"j67v24EAAAAJ","XD"
"j6KFCRAAAAAJ","CS"
"J718FGIAAAAJ","BIO"
"j7F7yq0AAAAJ","CS"
"J7H4N_4AAAAJ","CS"
"j7WSgbwAAAAJ","XD"
"J8FwD7cAAAAJ","XD"
"J8J7NvkAAAAJ","BIO"
"J8YyZugAAAAJ","CS"
"J9KP4dsAAAAJ","BIO"
"J9Pa_8EAAAAJ","BIO"
"j9XJD8QAAAAJ","CS"
"ja5NutgAAAAJ","BIO"
"jA7e-WkAAAAJ","CS"
"JaIL3AgAAAAJ","BIO"
"JaM1iKMAAAAJ","CS"
"jB4y-j4AAAAJ","BIO"
"JbH6mVkAAAAJ","XD"
"JBNzgNMAAAAJ","BIO"
"Jbo1MqwAAAAJ","CS"
"jB_SrVoAAAAJ","BIO"
"Jc7sf8YAAAAJ","BIO"
"jcatRRIAAAAJ","CS"
"jcwyv0wAAAAJ","CS"
"jD0EPmgAAAAJ","XD"
"Jd6nw80AAAAJ","CS"
"jDCiMQkAAAAJ","CS"
"jDewJRwAAAAJ","XD"
"jDm73CQAAAAJ","CS"
"jdq0xz8AAAAJ","XD"
"jDqTrbEAAAAJ","BIO"
"jdSlREMAAAAJ","CS"
"jDuPZLMAAAAJ","CS"
"JE4GTLYAAAAJ","XD"
"JEApEv4AAAAJ","BIO"
"jEdhxGMAAAAJ","XD"
"jeOFRDsAAAAJ","CS"
"jevPwGEAAAAJ","CS"
"jeWN01gAAAAJ","BIO"
"JFGFujgAAAAJ","BIO"
"jGboazkAAAAJ","XD"
"JgC6C-kAAAAJ","BIO"
"jGZab7kAAAAJ","CS"
"jh-brekAAAAJ","BIO"
"jH1l1boAAAAJ","BIO"
"Jh3QCRYAAAAJ","CS"
"jh3Z4esAAAAJ","BIO"
"JHYKtv4AAAAJ","XD"
"jID7d1sAAAAJ","BIO"
"JinbAIQAAAAJ","CS"
"JIpg40gAAAAJ","XD"
"jIp_uw0AAAAJ","CS"
"jIs-Y2gAAAAJ","CS"
"Jj00ksMAAAAJ","CS"
"JJ9AvbAAAAAJ","CS"
"jJCBeRsAAAAJ","CS"
"jjEht8wAAAAJ","CS"
"jJPSj0IAAAAJ","CS"
"jJwwFLIAAAAJ","BIO"
"Jk3gxBEAAAAJ","CS"
"jkJlkSYAAAAJ","BIO"
"jkRa2LEAAAAJ","CS"
"jLEgvnsAAAAJ","XD"
"JLKYG_cAAAAJ","BIO"
"Jlv4MR4AAAAJ","CS"
"jM1cT4QAAAAJ","XD"
"jM23vRsKxuIC","CS"
"JMfZVZYAAAAJ","BIO"
"JMo-Z6UAAAAJ","BIO"
"jn-B_MoAAAAJ","CS"
"JN4tlsMAAAAJ","XD"
"JNLOr38AAAAJ","XD"
"JNPbTdIAAAAJ","CS"
"jNUs6LsAAAAJ","BIO"
"Jo2vLqMAAAAJ","CS"
"jo4B96sAAAAJ","XD"
"JoAxSpgAAAAJ","CS"
"JoFVg7cAAAAJ","BIO"
"JOkym8oAAAAJ","BIO"
"jOpgDgsAAAAJ","XD"
"JOU3JLkAAAAJ","XD"
"JOvtrn8AAAAJ","CS"
"jOX_9bQAAAAJ","CS"
"JP0dqTEAAAAJ","CS"
"Jp6Mz1sAAAAJ","CS"
"JpC9bmEAAAAJ","CS"
"JPM3RdEAAAAJ","XD"
"jpXyNF8AAAAJ","CS"
"Jq3bZ8oAAAAJ","XD"
"Jq3hCsYAAAAJ","XD"
"Jqe1DEEAAAAJ","BIO"
"jQNt6RwAAAAJ","CS"
"JQWeCFAAAAAJ","BIO"
"Jr0P0Z4AAAAJ","BIO"
"jRd24DQAAAAJ","BIO"
"jrkrn3sAAAAJ","CS"
"JS8aznIAAAAJ","CS"
"JsK4KpMAAAAJ","XD"
"jsxk8vsAAAAJ","CS"
"jTiRFi8AAAAJ","CS"
"JtjdERoAAAAJ","BIO"
"Jua_FnwAAAAJ","BIO"
"JuiXgE8AAAAJ","BIO"
"JujYwIEAAAAJ","BIO"
"JUn8PgwAAAAJ","CS"
"juRk4lQAAAAJ","CS"
"juUEPSAAAAAJ","XD"
"jUzA3H8AAAAJ","CS"
"jv-19EoAAAAJ","BIO"
"Jv28YrYAAAAJ","BIO"
"JVNms8wAAAAJ","CS"
"jWb94BoAAAAJ","CS"
"jwxhFAQAAAAJ","CS"
"JWXlepgAAAAJ","CS"
"jwyTawwAAAAJ","BIO"
"JXsCTy0AAAAJ","BIO"
"JXsWja0AAAAJ","CS"
"jXWewPgAAAAJ","XD"
"jYsDOQMAAAAJ","BIO"
"JyUhvFoAAAAJ","BIO"
"JYxa6eYAAAAJ","CS"
"jz2Tvk4AAAAJ","CS"
"jzHG0ssAAAAJ","BIO"
"JzwJFM4AAAAJ","XD"
"k0UDZCgAAAAJ","BIO"
"K1cZ7SsAAAAJ","XD"
"k1hJzF0AAAAJ","CS"
"K2-XMvwAAAAJ","BIO"
"k2n_5QoAAAAJ","BIO"
"K2oAEEkAAAAJ","BIO"
"k2suuZgAAAAJ","CS"
"k3OcjLQAAAAJ","BIO"
"k3YaoIEAAAAJ","CS"
"K4o-D-cAAAAJ","CS"
"k4oSgRkAAAAJ","CS"
"k5c56_wAAAAJ","CS"
"K6q7FbsAAAAJ","BIO"
"k6z6wAwAAAAJ","XD"
"K70yTUsAAAAJ","BIO"
"k7VhUnAAAAAJ","CS"
"K7y6AEEAAAAJ","XD"
"k98ryDAAAAAJ","BIO"
"k9B2zgsAAAAJ","XD"
"K9tsqbsAAAAJ","CS"
"K9_NT-MAAAAJ","XD"
"kaZIo1cAAAAJ","BIO"
"kazupicAAAAJ","BIO"
"kb7j48kAAAAJ","BIO"
"KbCoZfcAAAAJ","XD"
"kBGGEjUAAAAJ","CS"
"KBqkhiUAAAAJ","CS"
"KBqO-U0AAAAJ","BIO"
"KCiDjbkAAAAJ","XD"
"KClBPZUAAAAJ","BIO"
"KcM-4NsAAAAJ","CS"
"kCNqPUoAAAAJ","BIO"
"kCYbVq0AAAAJ","CS"
"kDkH9UkAAAAJ","XD"
"kdv2ajAAAAAJ","CS"
"KDZ-wWUAAAAJ","BIO"
"ke2MEF0AAAAJ","CS"
"kEM42bEAAAAJ","CS"
"KenJWYwAAAAJ","BIO"
"keO-0s0AAAAJ","CS"
"keQw9LQAAAAJ","BIO"
"KF3CIq0AAAAJ","BIO"
"KF4sBDIAAAAJ","BIO"
"kFCrflwAAAAJ","BIO"
"KfjUrPAAAAAJ","XD"
"kFNAlyAAAAAJ","XD"
"kFTwCoEAAAAJ","XD"
"kfwmW8oAAAAJ","BIO"
"KgdPjl8AAAAJ","XD"
"Kh10YKsAAAAJ","BIO"
"Kh9REfEAAAAJ","BIO"
"KH_iDdAAAAAJ","XD"
"KICA5DoAAAAJ","XD"
"kiQQEhMAAAAJ","BIO"
"kIUqgbcAAAAJ","CS"
"KIv0fKQAAAAJ","XD"
"kiV7yTQAAAAJ","BIO"
"kiZj3UcAAAAJ","BIO"
"kJkFuW4AAAAJ","BIO"
"KJssLHoAAAAJ","CS"
"KJvcrioAAAAJ","BIO"
"kjXJR4QAAAAJ","BIO"
"kKFx7RgAAAAJ","BIO"
"KKiQaBoAAAAJ","XD"
"KKUAx0sAAAAJ","CS"
"KlJrz9MAAAAJ","XD"
"KlM20sgAAAAJ","XD"
"KlnL3J8AAAAJ","BIO"
"KlpusxAAAAAJ","CS"
"KLRU9csAAAAJ","BIO"
"KltleWgAAAAJ","CS"
"kLUQrrYAAAAJ","CS"
"kLUW0psAAAAJ","CS"
"kMK1IvwAAAAJ","BIO"
"KmSuVtgAAAAJ","CS"
"KnAit3cAAAAJ","XD"
"KO1agYsAAAAJ","BIO"
"ko2-elgAAAAJ","XD"
"koFpOkcAAAAJ","BIO"
"KOrhfVMAAAAJ","CS"
"kOUPR1sAAAAJ","CS"
"KP-Vo44AAAAJ","CS"
"kpJ9xpsAAAAJ","BIO"
"KPjFQ4AAAAAJ","CS"
"KPw5wngAAAAJ","CS"
"KPxl53wzvv4C","XD"
"kqPhodQAAAAJ","CS"
"KqtBi6MAAAAJ","CS"
"kqW_-2gAAAAJ","CS"
"krAhswMAAAAJ","BIO"
"kRfNAVgAAAAJ","BIO"
"KrLrb14AAAAJ","XD"
"KRuCIOQAAAAJ","BIO"
"KRZoh34AAAAJ","XD"
"Kr_0YFMAAAAJ","XD"
"KSukVvIAAAAJ","CS"
"Kt1bjZoAAAAJ","XD"
"KtbmEC4AAAAJ","XD"
"KTF9-QkAAAAJ","XD"
"ktIQALAAAAAJ","BIO"
"ktQq83oAAAAJ","BIO"
"ktwwLjsAAAAJ","CS"
"ktyhG_oAAAAJ","XD"
"kUMiOQMAAAAJ","BIO"
"kUwCxIUAAAAJ","XD"
"Kv9AbjMAAAAJ","XD"
"KvfFlIMAAAAJ","CS"
"kvHmXM0AAAAJ","BIO"
"kvWZBlAAAAAJ","BIO"
"Kw5aM74AAAAJ","BIO"
"KWez2_sAAAAJ","CS"
"kWFP1ykAAAAJ","BIO"
"KWiJaj8AAAAJ","CS"
"kWnv_YkAAAAJ","CS"
"kXB8FBoAAAAJ","CS"
"KxBH0U4AAAAJ","BIO"
"kxDm9EsAAAAJ","CS"
"KxLLgn8AAAAJ","BIO"
"KxLzEI4AAAAJ","BIO"
"KxmUmKkAAAAJ","XD"
"kXVBr20AAAAJ","XD"
"Ky1op0MAAAAJ","XD"
"Ky6tLl0AAAAJ","BIO"
"kYAsdUIAAAAJ","BIO"
"kYK4tvsAAAAJ","CS"
"kZ3PYgwAAAAJ","BIO"
"KzESVKwAAAAJ","XD"
"KZFo7ZkAAAAJ","XD"
"kzk6nJEAAAAJ","XD"
"KzmHyt8AAAAJ","CS"
"kzoVUPYAAAAJ","XD"
"kztqPjYAAAAJ","XD"
"K_-KJi8AAAAJ","CS"
"K__JmtcAAAAJ","CS"
"L-07qlIAAAAJ","BIO"
"l-IhoaQAAAAJ","BIO"
"l0YE7V8AAAAJ","XD"
"L1pb8GUAAAAJ","XD"
"l2Pr9m8AAAAJ","XD"
"L2SLqHQAAAAJ","BIO"
"l3KIq-MAAAAJ","XD"
"L3KXa3cAAAAJ","XD"
"L3Z66_gAAAAJ","BIO"
"l4MgzcsAAAAJ","BIO"
"l4QhOVoAAAAJ","XD"
"l4ZJZkYAAAAJ","BIO"
"l5mmRVoAAAAJ","BIO"
"l5UcSXkAAAAJ","BIO"
"L7jhqMIAAAAJ","XD"
"l7nsfT4AAAAJ","XD"
"L7pWt14AAAAJ","BIO"
"L7TaWAUAAAAJ","BIO"
"L7utASgAAAAJ","XD"
"L82mYv8AAAAJ","XD"
"L9cC5tIAAAAJ","XD"
"LAPAOIUAAAAJ","XD"
"LAv0HTEAAAAJ","CS"
"lAzz_cwAAAAJ","BIO"
"LB1dq_sAAAAJ","CS"
"Lb4-GKsAAAAJ","XD"
"lB5lqocAAAAJ","BIO"
"LBpAB_QAAAAJ","BIO"
"lBzZU1IAAAAJ","CS"
"lc0ARagAAAAJ","CS"
"LCyuQYMAAAAJ","XD"
"lDYz0hYAAAAJ","BIO"
"Le4ScQcAAAAJ","BIO"
"Lf2KB6cAAAAJ","CS"
"LfcroyAAAAAJ","CS"
"lfLiQmcAAAAJ","CS"
"lFnZ7RkAAAAJ","CS"
"LgF3Ds0AAAAJ","XD"
"LgL2HpkAAAAJ","CS"
"LGp68QwAAAAJ","XD"
"lGsfTIsAAAAJ","XD"
"lH1PdF8AAAAJ","CS"
"lh527_4AAAAJ","XD"
"lhVOD7kAAAAJ","BIO"
"Li-BrU4AAAAJ","CS"
"LiAGLcwAAAAJ","CS"
"LIdVlPsAAAAJ","XD"
"LiMYijMAAAAJ","BIO"
"lJ8qjPAAAAAJ","CS"
"LjP106QAAAAJ","CS"
"LjuCA6AAAAAJ","BIO"
"Lj_J0HsAAAAJ","XD"
"Lk38PP0AAAAJ","XD"
"LkbowasAAAAJ","BIO"
"LkoaA0gAAAAJ","CS"
"LkWOEY0AAAAJ","BIO"
"Ll7EKP0AAAAJ","BIO"
"lL7fslgAAAAJ","BIO"
"lLmMKb0AAAAJ","XD"
"llo3F3QAAAAJ","CS"
"llOUqhkAAAAJ","XD"
"lmJ4en0AAAAJ","BIO"
"lmmq0XsAAAAJ","BIO"
"lMV_QwEAAAAJ","CS"
"LnB5_AcAAAAJ","CS"
"lNFZCgwAAAAJ","XD"
"LnhCGNMAAAAJ","CS"
"LNnZEd4AAAAJ","BIO"
"LnqYD9wAAAAJ","BIO"
"LOFYnLkAAAAJ","CS"
"loh7ivYAAAAJ","XD"
"LoXnMOIAAAAJ","CS"
"lPM8k54AAAAJ","CS"
"LPTkkxUAAAAJ","XD"
"lpxhbPAAAAAJ","XD"
"lq0KNv8AAAAJ","CS"
"LQ87h3sAAAAJ","CS"
"LqBNliAAAAAJ","BIO"
"LQEBzYcAAAAJ","BIO"
"lQmvO3cAAAAJ","XD"
"lqWjPTsAAAAJ","BIO"
"lR-CRA0AAAAJ","XD"
"lr4I9BwAAAAJ","CS"
"LrjbEkIAAAAJ","XD"
"LrlwhwUAAAAJ","XD"
"LRQYRlIAAAAJ","BIO"
"lRTRxSIAAAAJ","XD"
"lRUi-A8AAAAJ","CS"
"ls1xrQgAAAAJ","XD"
"LSkqsVYAAAAJ","BIO"
"LsuWoRoAAAAJ","CS"
"lsYXBx8AAAAJ","XD"
"LT0qxKwAAAAJ","XD"
"lT6G78sAAAAJ","BIO"
"ltX1UQMAAAAJ","BIO"
"Lu7biGYAAAAJ","XD"
"lu7U-UQAAAAJ","BIO"
"luouyakAAAAJ","XD"
"Luwlu-0AAAAJ","XD"
"LV1qWjgAAAAJ","CS"
"Lve9d-IAAAAJ","BIO"
"lveDKoUAAAAJ","BIO"
"LVx8a_kAAAAJ","BIO"
"LW4lnZYAAAAJ","CS"
"lW61FSQAAAAJ","XD"
"LWcEVAIAAAAJ","CS"
"LWj8mwwAAAAJ","XD"
"LWlN_BUAAAAJ","CS"
"lWqoF48AAAAJ","XD"
"LWvyLLsAAAAJ","BIO"
"LWyN17YAAAAJ","BIO"
"LXVfPc8AAAAJ","XD"
"lXvWihQAAAAJ","CS"
"Ly1WbocAAAAJ","XD"
"LYkku5wAAAAJ","CS"
"LYt_4uIAAAAJ","CS"
"lZ1mj0YAAAAJ","BIO"
"Lzo5gtUAAAAJ","BIO"
"lZSTLr0AAAAJ","XD"
"l_8ZFGIAAAAJ","BIO"
"l_9TshUAAAAJ","BIO"
"l_K1pgUAAAAJ","BIO"
"L_KD93oAAAAJ","BIO"
"l_sAwLsAAAAJ","XD"
"M-pazfcAAAAJ","BIO"
"M-Z7bAIAAAAJ","CS"
"m1qAiOUAAAAJ","XD"
"M2946AsAAAAJ","CS"
"M3sY_coAAAAJ","BIO"
"M4AL53YAAAAJ","CS"
"m4NpPpcAAAAJ","BIO"
"M4xQUc0AAAAJ","XD"
"m4zCAPoAAAAJ","CS"
"M608PwEAAAAJ","BIO"
"M6urChQAAAAJ","CS"
"M6uUMREAAAAJ","XD"
"m6_ZE3MAAAAJ","XD"
"M7cOMT4AAAAJ","XD"
"m9F7mIgAAAAJ","CS"
"ma2bwakAAAAJ","XD"
"MA4mtZEAAAAJ","BIO"
"MA8PTRUAAAAJ","CS"
"MA8rI0MAAAAJ","CS"
"mAbA6EoAAAAJ","BIO"
"mah-B4IAAAAJ","CS"
"mB5xnfMAAAAJ","BIO"
"mb8mQH8AAAAJ","CS"
"MblzAJYAAAAJ","XD"
"MbRIDjgAAAAJ","XD"
"MCe-I6wAAAAJ","CS"
"mCpDQqYAAAAJ","XD"
"MCWcNrgAAAAJ","BIO"
"MdORQMcAAAAJ","XD"
"mE4ra7cAAAAJ","BIO"
"meBtX7EAAAAJ","XD"
"mF8cdJUAAAAJ","XD"
"MFpkkWAAAAAJ","CS"
"MFTKkpwAAAAJ","BIO"
"mGCSvQUAAAAJ","BIO"
"MGVrVSIAAAAJ","CS"
"mGxYfZUAAAAJ","CS"
"mhlvI8wAAAAJ","CS"
"mhmvCgsAAAAJ","CS"
"Mhs-k4IAAAAJ","BIO"
"mHwonDEAAAAJ","XD"
"mI3mfHcAAAAJ","CS"
"midoH4EAAAAJ","BIO"
"MJ5G4xgAAAAJ","CS"
"mjci-OAAAAAJ","BIO"
"MjmBY5AAAAAJ","XD"
"MJxapkwAAAAJ","BIO"
"MJyWxOYAAAAJ","CS"
"MK2UiHcAAAAJ","BIO"
"mkG5-UUAAAAJ","CS"
"mko42a0AAAAJ","BIO"
"mkso-TAAAAAJ","BIO"
"MKSxZp4AAAAJ","CS"
"MkU_TDAAAAAJ","CS"
"mkXVbwYAAAAJ","CS"
"mL4MovgAAAAJ","XD"
"mlafJ6wAAAAJ","CS"
"mlC_ztAAAAAJ","BIO"
"MlZq4XwAAAAJ","XD"
"MM4XdKsAAAAJ","BIO"
"mMfI2vUAAAAJ","BIO"
"mMyjn7YAAAAJ","XD"
"mn1QyYgAAAAJ","CS"
"mncyWbcAAAAJ","CS"
"Mne_iRgAAAAJ","XD"
"MnfzuPYAAAAJ","CS"
"mNqVTp4AAAAJ","XD"
"mNuzGVcAAAAJ","CS"
"MOaFLkMAAAAJ","XD"
"MoFbcc0AAAAJ","CS"
"mOJJl04AAAAJ","BIO"
"moocej8AAAAJ","BIO"
"Mp1ZTuMAAAAJ","BIO"
"MP9vHqQAAAAJ","BIO"
"MpISgU4AAAAJ","BIO"
"mqPgUdgAAAAJ","XD"
"MQR-9fIAAAAJ","XD"
"MqRa5voAAAAJ","XD"
"mQ_NwUIAAAAJ","CS"
"mRFXncEAAAAJ","BIO"
"MRLeMUsAAAAJ","BIO"
"MrWIWNwAAAAJ","CS"
"ms5tVWcAAAAJ","XD"
"mSoiXbIAAAAJ","CS"
"mt2pfh0AAAAJ","BIO"
"mtejbKYAAAAJ","CS"
"mTJLF-sAAAAJ","CS"
"mTLdrv8AAAAJ","BIO"
"MTMmNecAAAAJ","CS"
"MtS6ifkAAAAJ","XD"
"MtVE_gkAAAAJ","BIO"
"MTZaRW4AAAAJ","CS"
"mUsuJvwAAAAJ","BIO"
"MVhaA0AAAAAJ","CS"
"MvxSD2AAAAAJ","CS"
"MvZGiDgAAAAJ","BIO"
"MWAFMFMAAAAJ","BIO"
"MwFpac4AAAAJ","BIO"
"MwIL3roAAAAJ","CS"
"MwLqCs4AAAAJ","CS"
"MWmrki0AAAAJ","BIO"
"mwtIqCEAAAAJ","XD"
"mX5bHM4AAAAJ","XD"
"MXy0YAIAAAAJ","BIO"
"MYqlcPgAAAAJ","XD"
"MYsIXF4AAAAJ","CS"
"MzAxRscAAAAJ","CS"
"mzcr92sAAAAJ","CS"
"mZKq5mYAAAAJ","BIO"
"MZKvGjYAAAAJ","CS"
"M_wn8q0AAAAJ","XD"
"n-FCqMEAAAAJ","XD"
"n-Lxqf4AAAAJ","XD"
"N0FiVZ4AAAAJ","XD"
"n0uRPLgAAAAJ","XD"
"N3Jc1zMAAAAJ","XD"
"n3LTWi8AAAAJ","XD"
"n3qeflAAAAAJ","BIO"
"n3vpktQAAAAJ","XD"
"N5M5yMQAAAAJ","XD"
"N5ogkesAAAAJ","XD"
"n6bjh24AAAAJ","CS"
"n6HZgGMAAAAJ","BIO"
"n6ItfK4AAAAJ","BIO"
"n6wC7nwAAAAJ","XD"
"n7HjYQoAAAAJ","XD"
"N7sfFpcAAAAJ","CS"
"n7Z3EDsAAAAJ","XD"
"N9f43xoAAAAJ","XD"
"narQv40AAAAJ","BIO"
"nAtfgOYAAAAJ","XD"
"NaVxc4wAAAAJ","CS"
"Nbel9ekAAAAJ","BIO"
"nbM0mzwAAAAJ","BIO"
"nbpafUkAAAAJ","CS"
"NByrsK0AAAAJ","XD"
"Nc8U6E4AAAAJ","BIO"
"ncgNqP8AAAAJ","XD"
"nChgOjEAAAAJ","CS"
"NcIqQ88AAAAJ","CS"
"nCMS90YAAAAJ","BIO"
"NCQ3E5sAAAAJ","BIO"
"NCQuZX0AAAAJ","CS"
"ND0FM6EAAAAJ","CS"
"Nd4kKIkAAAAJ","BIO"
"nd8lQQIAAAAJ","XD"
"ndc9Yw8AAAAJ","BIO"
"nDH-AqwAAAAJ","CS"
"NdIeYpEAAAAJ","CS"
"NDit5dwAAAAJ","XD"
"NdNSXFkAAAAJ","XD"
"nEAp11sAAAAJ","BIO"
"NeJ-SQEAAAAJ","XD"
"neO3vFYAAAAJ","CS"
"NEqM-4IAAAAJ","XD"
"NerNaMIAAAAJ","BIO"
"nExKrpsAAAAJ","CS"
"NE_tfEIAAAAJ","XD"
"Nf4G12YAAAAJ","CS"
"Nf4vo2UAAAAJ","XD"
"nFb_T4wAAAAJ","CS"
"nFdbcvsAAAAJ","XD"
"NFdG-GMAAAAJ","XD"
"nfkH5V4AAAAJ","XD"
"nFXWzWwAAAAJ","BIO"
"nGj4p9YAAAAJ","BIO"
"nHdZpMUAAAAJ","XD"
"NhnK838AAAAJ","XD"
"nhpEPFgAAAAJ","CS"
"NhY4TT4AAAAJ","CS"
"NHZdlVkAAAAJ","CS"
"niE2OkIAAAAJ","CS"
"NINFXC0AAAAJ","CS"
"NJ9c4ygAAAAJ","CS"
"njczUPMAAAAJ","CS"
"NjfTEZsAAAAJ","BIO"
"njG9diQAAAAJ","BIO"
"njmedqoAAAAJ","BIO"
"njpX--gAAAAJ","BIO"
"nK3RdOIAAAAJ","XD"
"NK7srJYAAAAJ","XD"
"NKQ2xvcAAAAJ","XD"
"nKR2tGvMLFMC","CS"
"NKRYI9UAAAAJ","BIO"
"nLuHfy4AAAAJ","CS"
"NlUlAGMAAAAJ","XD"
"NMKiMdMAAAAJ","BIO"
"nNU3STcAAAAJ","CS"
"NOi4NtYAAAAJ","XD"
"NoNHPb4AAAAJ","CS"
"noo17fcAAAAJ","XD"
"NOucxBgAAAAJ","XD"
"np2P8G8AAAAJ","BIO"
"NpcLBDsAAAAJ","CS"
"NPLom4YAAAAJ","XD"
"nPzV2RIAAAAJ","BIO"
"nq-EK3QAAAAJ","XD"
"NqDgVtcAAAAJ","BIO"
"NQLfHBIAAAAJ","BIO"
"NRAo--UAAAAJ","XD"
"NRfuSNcAAAAJ","CS"
"NrOOkrMAAAAJ","XD"
"NScglmAAAAAJ","CS"
"nSlIK18AAAAJ","XD"
"nst5fHgAAAAJ","CS"
"ns_6BgMAAAAJ","CS"
"nt2k598AAAAJ","BIO"
"NtLLvQoAAAAJ","BIO"
"ntU7-hwAAAAJ","CS"
"NU-FHh4AAAAJ","CS"
"Nu9UvKIAAAAJ","XD"
"nUfFpt0AAAAJ","BIO"
"nUP4MMQAAAAJ","XD"
"NUrQb4cAAAAJ","XD"
"nusw_dsAAAAJ","BIO"
"nv-MV58AAAAJ","CS"
"nvKQ7JQAAAAJ","CS"
"nVksQusAAAAJ","BIO"
"nvR1mBgAAAAJ","CS"
"NW2I4PYAAAAJ","BIO"
"nwfZfqoAAAAJ","XD"
"nwNHXf4AAAAJ","XD"
"NWuJZEAAAAAJ","CS"
"nX9D5AoAAAAJ","CS"
"nXBQn7gAAAAJ","XD"
"NxBuRgcAAAAJ","XD"
"nXJkAnAAAAAJ","BIO"
"nxNkEiYAAAAJ","XD"
"NXtRD1cAAAAJ","CS"
"nYdU_wgAAAAJ","CS"
"NyqFkSYAAAAJ","BIO"
"NyxsQ40AAAAJ","XD"
"nz1cUQEAAAAJ","XD"
"nZ3HZDMAAAAJ","BIO"
"NZdvqZEAAAAJ","XD"
"nziLHh4AAAAJ","XD"
"NzQu5SwAAAAJ","XD"
"nztNRM0AAAAJ","XD"
"nzTXeNsAAAAJ","BIO"
"N_9p2rMAAAAJ","BIO"
"n_BMt9AAAAAJ","BIO"
"o-6rUfoAAAAJ","XD"
"o0hOu3cAAAAJ","BIO"
"O0KuRBQAAAAJ","BIO"
"O0W9jEQAAAAJ","CS"
"O1b7GZMAAAAJ","CS"
"O1FZe5EAAAAJ","CS"
"O1iKLewAAAAJ","BIO"
"O1l6JGkAAAAJ","CS"
"O2e-vO4AAAAJ","XD"
"o3ol4ZcAAAAJ","CS"
"O3qOkKsAAAAJ","XD"
"o43oc6AAAAAJ","CS"
"O4rYanMAAAAJ","XD"
"o4suLN4AAAAJ","XD"
"o5yD6EwAAAAJ","XD"
"o5YQMkMAAAAJ","CS"
"O8NWAXoAAAAJ","CS"
"o8oJ6s4AAAAJ","CS"
"O8XxkE4AAAAJ","CS"
"Oa6JkDAAAAAJ","CS"
"oAaMfQsAAAAJ","CS"
"oAj9a-wAAAAJ","XD"
"oAMW4OEAAAAJ","CS"
"oAqKi9MAAAAJ","CS"
"OayIeVEAAAAJ","BIO"
"ObdsXj8AAAAJ","XD"
"ObnLfeoAAAAJ","BIO"
"ob_3jn4AAAAJ","CS"
"Oc6lqIwAAAAJ","BIO"
"oCFvA2UAAAAJ","CS"
"oclouSEAAAAJ","BIO"
"OcN1_gwAAAAJ","CS"
"oD0ISLcAAAAJ","CS"
"odbmg-oAAAAJ","BIO"
"OdWimfcAAAAJ","CS"
"oEHd9sMAAAAJ","XD"
"oEy88sEAAAAJ","BIO"
"OEzRNokAAAAJ","BIO"
"OFCP3qcAAAAJ","BIO"
"OfcXtoIAAAAJ","XD"
"oFiuaXEAAAAJ","CS"
"OfYf-DMAAAAJ","CS"
"OG2QONwAAAAJ","CS"
"OGbi6t0AAAAJ","CS"
"ogj8ppAAAAAJ","XD"
"OgJKomcAAAAJ","CS"
"OGR--C0AAAAJ","BIO"
"ogVUBZIAAAAJ","BIO"
"oH9Vw-QAAAAJ","XD"
"oHbIF48AAAAJ","CS"
"ohgrkzAAAAAJ","BIO"
"OhiNDfkAAAAJ","CS"
"Ohw-I2sAAAAJ","XD"
"OhzVBVcAAAAJ","BIO"
"oIbxZhIAAAAJ","BIO"
"oIdI_PcAAAAJ","CS"
"oii0f78AAAAJ","BIO"
"OIoZ2vgAAAAJ","BIO"
"OI_6OdYAAAAJ","BIO"
"oJ80CYoAAAAJ","BIO"
"oJESe-cAAAAJ","CS"
"ojgp8NcAAAAJ","XD"
"ojH7GEgAAAAJ","CS"
"oJMHGr8AAAAJ","XD"
"oJZuq9oAAAAJ","CS"
"oK3QM1wAAAAJ","CS"
"okf5bmQAAAAJ","XD"
"okJj8GYAAAAJ","XD"
"oKRMzLMAAAAJ","BIO"
"okx33sUAAAAJ","CS"
"Ok_HjPUAAAAJ","BIO"
"oK_XUmsAAAAJ","XD"
"ol6LIDsAAAAJ","BIO"
"oM25EQkAAAAJ","XD"
"OMVTRscAAAAJ","XD"
"ONloO5IAAAAJ","CS"
"ONZL1lgAAAAJ","CS"
"OoItXTkAAAAJ","CS"
"OOLe2TIAAAAJ","XD"
"OoSpdN0AAAAJ","BIO"
"oOwNKsAAAAAJ","CS"
"op3lNakAAAAJ","BIO"
"oQ6AeyEAAAAJ","XD"
"oq8WAwsAAAAJ","CS"
"OQAuVuoAAAAJ","XD"
"OQbV_3UAAAAJ","XD"
"oQsObk0AAAAJ","XD"
"oqux_wcAAAAJ","CS"
"orHlhhQAAAAJ","CS"
"OrhUjqEAAAAJ","CS"
"Ormag-QAAAAJ","CS"
"ORo3KQ0AAAAJ","XD"
"oRqkuoQAAAAJ","CS"
"ORr4XJYAAAAJ","CS"
"oScjn_kAAAAJ","BIO"
"OsIZgIYAAAAJ","CS"
"OsoQ-dcAAAAJ","CS"
"OSxYKeQAAAAJ","XD"
"Os_A0tAAAAAJ","BIO"
"Ot5KMdEAAAAJ","BIO"
"OT79Y9UAAAAJ","CS"
"Ot9eWLsAAAAJ","XD"
"OtbhlmIAAAAJ","BIO"
"otivCBQAAAAJ","BIO"
"OTk0hA0AAAAJ","XD"
"OUAMn6oAAAAJ","CS"
"oUKhHwwAAAAJ","BIO"
"ouLKf2YAAAAJ","BIO"
"OUS_bT8AAAAJ","XD"
"ouY9ypcAAAAJ","CS"
"OvAV_eoAAAAJ","XD"
"ovlpa_IAAAAJ","CS"
"OVUarmsAAAAJ","BIO"
"OwRJIbUAAAAJ","XD"
"oXasn9EAAAAJ","CS"
"OXHDKSwAAAAJ","XD"
"oXX9SUQAAAAJ","CS"
"OXXvWKEAAAAJ","BIO"
"oy7TshoAAAAJ","XD"
"oY9R5YQAAAAJ","XD"
"oYIbJosAAAAJ","BIO"
"oZBtvZMAAAAJ","CS"
"OZMQ0J0AAAAJ","XD"
"OZnq5cwAAAAJ","BIO"
"OZtBFywAAAAJ","XD"
"O_7MVDIAAAAJ","CS"
"O_v3plsAAAAJ","BIO"
"P-6kCNMAAAAJ","CS"
"P07ZE9sAAAAJ","CS"
"p0sQC6sAAAAJ","XD"
"P21gHIkAAAAJ","CS"
"p26NfLgAAAAJ","CS"
"P2ggwVUAAAAJ","BIO"
"p2Kq0Q4AAAAJ","XD"
"p2ttvlEAAAAJ","CS"
"p37YXYoAAAAJ","BIO"
"p3cwqsYAAAAJ","BIO"
"P3JdmqAAAAAJ","CS"
"p4urLfMAAAAJ","XD"
"P5CovF0AAAAJ","XD"
"p5oWQ0AAAAAJ","CS"
"P5xcdGMAAAAJ","XD"
"P6QOMhkAAAAJ","BIO"
"P7ElVysAAAAJ","XD"
"p7jDy6QAAAAJ","BIO"
"P97vI1EAAAAJ","CS"
"P9IivpwAAAAJ","CS"
"p9RsPG4AAAAJ","XD"
"pAcF2lEAAAAJ","XD"
"pAH7ycsAAAAJ","BIO"
"pAI5S50AAAAJ","CS"
"PApX2aoAAAAJ","XD"
"pAUVJS0AAAAJ","CS"
"PbEw81gAAAAJ","XD"
"PBo0rn4AAAAJ","BIO"
"PBV6PjEAAAAJ","BIO"
"PC3lRvwAAAAJ","BIO"
"pcCS60IAAAAJ","XD"
"pch98TIAAAAJ","BIO"
"pcMNdKUAAAAJ","BIO"
"PCSnKs8AAAAJ","XD"
"pD3vFHoAAAAJ","BIO"
"Pd8-ju0AAAAJ","CS"
"PDOSGdIAAAAJ","BIO"
"pdpOwtkAAAAJ","CS"
"pdSlnRwAAAAJ","BIO"
"PDZvz_YAAAAJ","CS"
"Pe3ZnfIAAAAJ","BIO"
"PEcyW5AAAAAJ","BIO"
"pEd15xAAAAAJ","BIO"
"pEU-dQUAAAAJ","BIO"
"PF5yTcsAAAAJ","BIO"
"PfeGL9gAAAAJ","XD"
"pFIoo0kAAAAJ","BIO"
"pGGjfS8AAAAJ","XD"
"pGKFPa8AAAAJ","BIO"
"pGPuloMAAAAJ","XD"
"Ph16U5wAAAAJ","CS"
"PH4mytYAAAAJ","CS"
"PHGvd5cAAAAJ","CS"
"PHhhXC0AAAAJ","BIO"
"pHSfld4AAAAJ","XD"
"PiddTHsAAAAJ","XD"
"piKM5NcAAAAJ","BIO"
"Pil9rEEAAAAJ","CS"
"PiZymREAAAAJ","CS"
"pJ28HA0AAAAJ","CS"
"PjCDBjIAAAAJ","XD"
"Pjjq5SQAAAAJ","CS"
"PJQPzgcAAAAJ","XD"
"PJUjtoQAAAAJ","CS"
"pK034F0AAAAJ","XD"
"PKBiSCoAAAAJ","CS"
"PkfChMgAAAAJ","CS"
"PKr0chgAAAAJ","XD"
"pktpbkEAAAAJ","BIO"
"pKuBFaQAAAAJ","XD"
"pL-Wh50AAAAJ","XD"
"PLJ0L4QAAAAJ","CS"
"PLt9wB8AAAAJ","CS"
"pLVAYawAAAAJ","BIO"
"plvmvDcAAAAJ","CS"
"plYoF-MAAAAJ","XD"
"Pm23sq4AAAAJ","XD"
"pM6S00EAAAAJ","XD"
"PN-rzYUAAAAJ","XD"
"PNalJ58AAAAJ","CS"
"pnB9KEYAAAAJ","BIO"
"Pnev7hAAAAAJ","CS"
"pNKH6b8AAAAJ","XD"
"pOd2M64AAAAJ","CS"
"PogsVkYAAAAJ","XD"
"pouyVyUAAAAJ","CS"
"POWKkqEAAAAJ","XD"
"pPB_WK0AAAAJ","XD"
"pPInY4UAAAAJ","XD"
"pPUjlKwAAAAJ","CS"
"PQakxO4AAAAJ","XD"
"PqdLgQ0AAAAJ","XD"
"pQJjz8MAAAAJ","XD"
"PQJuazcAAAAJ","BIO"
"pQL5X08AAAAJ","XD"
"PqQAVcAAAAAJ","CS"
"PqtYDZQAAAAJ","XD"
"PR-ZnJUAAAAJ","CS"
"pr8YcVIAAAAJ","BIO"
"prJFPwUAAAAJ","XD"
"pRWAwVEAAAAJ","XD"
"PRX7FxYAAAAJ","BIO"
"PsBGmRcAAAAJ","CS"
"PsfY-UcAAAAJ","XD"
"PsGxHG0AAAAJ","CS"
"pSqVgOkAAAAJ","CS"
"PswI6pYAAAAJ","CS"
"Pt4QxysAAAAJ","BIO"
"pT8-2f0AAAAJ","CS"
"PTHL_cUAAAAJ","XD"
"pUaHHjUAAAAJ","CS"
"PUFxrroAAAAJ","CS"
"PUKbgQ0AAAAJ","BIO"
"puOEoqoAAAAJ","BIO"
"puQs_pcAAAAJ","XD"
"PVdTviYAAAAJ","CS"
"PVdueKUAAAAJ","XD"
"pwhyTq0AAAAJ","CS"
"PWp9YUUAAAAJ","BIO"
"pWZ7c4MAAAAJ","CS"
"Px9wT4AAAAAJ","BIO"
"PXbu1wIAAAAJ","CS"
"pxc_-XYAAAAJ","XD"
"pXDkqGMAAAAJ","CS"
"Pxtfhy8AAAAJ","BIO"
"PxZT1sgAAAAJ","CS"
"py3k-ykAAAAJ","BIO"
"Py54GcEAAAAJ","XD"
"pydtIvYAAAAJ","BIO"
"pygPWvEAAAAJ","CS"
"PyM-ZRAAAAAJ","BIO"
"PySbfcEAAAAJ","XD"
"PyuqtQcAAAAJ","XD"
"Pz0YttAAAAAJ","CS"
"PzaBy-UAAAAJ","XD"
"PzboucsAAAAJ","CS"
"pZhZndYAAAAJ","CS"
"P_Xpuj0AAAAJ","BIO"
"Q-3EgJ0AAAAJ","XD"
"Q-As1CEAAAAJ","CS"
"q-t3rScAAAAJ","XD"
"q0MzO6cAAAAJ","CS"
"q0nuNrEAAAAJ","CS"
"q0xdxtsAAAAJ","BIO"
"q16KVs0AAAAJ","CS"
"q1bkP7AAAAAJ","CS"
"Q29WmWwAAAAJ","CS"
"Q2yN84AAAAAJ","CS"
"Q3FvLzUAAAAJ","CS"
"Q3KRC5gAAAAJ","CS"
"Q3xxVngAAAAJ","CS"
"Q4DTPw4AAAAJ","CS"
"q4jzCrYAAAAJ","XD"
"Q4NenncAAAAJ","XD"
"q5GIWC0AAAAJ","CS"
"Q5KT-hEAAAAJ","CS"
"q5RyRCMAAAAJ","XD"
"q5SugFoAAAAJ","BIO"
"q5z-aZEAAAAJ","BIO"
"q6CI9VcAAAAJ","BIO"
"q6HxSeUAAAAJ","CS"
"q6LXYtUAAAAJ","CS"
"Q6pxNZYAAAAJ","XD"
"Q6VLB4gAAAAJ","XD"
"q82gOawAAAAJ","CS"
"q92q8SMAAAAJ","XD"
"q9z6Pt8AAAAJ","BIO"
"qa9dTwkAAAAJ","CS"
"qaAebdkAAAAJ","XD"
"qABYFOIAAAAJ","CS"
"qAKfQW0AAAAJ","CS"
"QaLf6bEAAAAJ","CS"
"qAow5LwAAAAJ","XD"
"Qa_TAw4AAAAJ","CS"
"QB73wDkAAAAJ","XD"
"QBELV48AAAAJ","BIO"
"qBHsQ04AAAAJ","CS"
"qBTbnEQAAAAJ","CS"
"qBxl76YAAAAJ","CS"
"Qc7U3TcAAAAJ","XD"
"QCBdB7AAAAAJ","CS"
"qCdzviYAAAAJ","CS"
"QclQnxIAAAAJ","CS"
"QcO9p8AAAAAJ","CS"
"qCVy9hgAAAAJ","XD"
"qCxZYIIAAAAJ","BIO"
"Qc_4yiYAAAAJ","CS"
"Qd1nLUYAAAAJ","BIO"
"qDepoRUAAAAJ","CS"
"qDkQrKwAAAAJ","XD"
"qe2DVGEAAAAJ","CS"
"QeRUVr0AAAAJ","CS"
"QetrSvUAAAAJ","XD"
"QEVXP-kAAAAJ","XD"
"qe_J1w4AAAAJ","XD"
"Qf4bw4UAAAAJ","CS"
"Qf650TUAAAAJ","BIO"
"qfCah3sAAAAJ","CS"
"qFiMLsIAAAAJ","XD"
"qG1LVpQAAAAJ","CS"
"qgfEdwUAAAAJ","BIO"
"QgGaAdsAAAAJ","XD"
"QH90248AAAAJ","CS"
"qhKJnFcAAAAJ","BIO"
"qHKTzjEAAAAJ","BIO"
"qhLT67EAAAAJ","XD"
"qiIpsToAAAAJ","XD"
"QiYAB0wAAAAJ","XD"
"qJ8iOCsAAAAJ","XD"
"QJAKUxcAAAAJ","XD"
"Qjb5DnwAAAAJ","BIO"
"QjbgoY8AAAAJ","CS"
"QJfhnuYAAAAJ","XD"
"QJICfH4AAAAJ","XD"
"qjxIcXQAAAAJ","BIO"
"qjzNW6EAAAAJ","CS"
"QKDzX08AAAAJ","BIO"
"QKyb_9oAAAAJ","CS"
"QKzwvNgAAAAJ","CS"
"QLfk7F0AAAAJ","BIO"
"qlKg614AAAAJ","CS"
"qlpCtxAAAAAJ","BIO"
"qLuAbhMAAAAJ","CS"
"qLVPoXIAAAAJ","XD"
"qMnlAC4AAAAJ","BIO"
"qMOS01AAAAAJ","XD"
"qmwdWu8AAAAJ","XD"
"qniacV8AAAAJ","BIO"
"qnSUMswAAAAJ","XD"
"QNT0BbAAAAAJ","BIO"
"qnwjcfAAAAAJ","XD"
"qNznu3kAAAAJ","XD"
"qo-3N1cAAAAJ","BIO"
"qOQFhUkAAAAJ","XD"
"Qp5971IAAAAJ","CS"
"qPDhlWkAAAAJ","XD"
"qp_jN7wAAAAJ","BIO"
"qq-SXN8AAAAJ","CS"
"qQLlBH4AAAAJ","XD"
"qqnXTTwAAAAJ","BIO"
"QqzqDucAAAAJ","BIO"
"QR4VpsIAAAAJ","CS"
"qr8Vo9IAAAAJ","XD"
"qRAMJHgAAAAJ","XD"
"Qrd7FCoAAAAJ","XD"
"QrJD-WgAAAAJ","BIO"
"QRrrUU0AAAAJ","CS"
"QrS2y5sAAAAJ","CS"
"Qr_nVBAAAAAJ","BIO"
"Qs9FzFUAAAAJ","CS"
"Qst5eCMAAAAJ","BIO"
"qSulmx8AAAAJ","XD"
"QSuV-T4AAAAJ","XD"
"QSY7ufMAAAAJ","CS"
"QTAjlj0AAAAJ","XD"
"qtxpXdcAAAAJ","XD"
"QU4bZ5gAAAAJ","BIO"
"Qu6haX0AAAAJ","BIO"
"qWiOt7QAAAAJ","BIO"
"QWORzTUAAAAJ","XD"
"QWPwfsgAAAAJ","CS"
"qXb4xQMAAAAJ","XD"
"qXPd_pcAAAAJ","XD"
"QxxseqsAAAAJ","CS"
"qY26R4kAAAAJ","XD"
"qYcG-q0AAAAJ","XD"
"qygcrYkAAAAJ","BIO"
"QyipVRoAAAAJ","CS"
"QYqwwwcAAAAJ","CS"
"qz6YaN4AAAAJ","XD"
"QZrx9MEAAAAJ","CS"
"Q_4d9N0AAAAJ","XD"
"q_7mcn4AAAAJ","CS"
"Q_kKkIUAAAAJ","CS"
"Q_lOnawAAAAJ","BIO"
"q_n7d6EAAAAJ","CS"
"Q_tUV2QAAAAJ","BIO"
"R0PhbAYAAAAJ","CS"
"r0qqWHAAAAAJ","BIO"
"r1quzEkAAAAJ","XD"
"r1S7uvEAAAAJ","XD"
"r1S8NBEAAAAJ","CS"
"R1Wg5b8AAAAJ","BIO"
"R2EiZdAAAAAJ","BIO"
"R2isddoAAAAJ","BIO"
"R3-8L0EAAAAJ","BIO"
"R3gBbQ0AAAAJ","XD"
"r42-hFIAAAAJ","CS"
"r49_E2cAAAAJ","CS"
"r5al7kkAAAAJ","XD"
"R5nkatMAAAAJ","XD"
"R60RHdYAAAAJ","CS"
"r6cAovIAAAAJ","CS"
"r6GWf10AAAAJ","BIO"
"r6ifxUIAAAAJ","CS"
"r6j_SIcAAAAJ","BIO"
"R6Kyz4UAAAAJ","BIO"
"r6v_dc8AAAAJ","CS"
"r70ags0AAAAJ","CS"
"r7veCY0AAAAJ","CS"
"r82Kfh0AAAAJ","BIO"
"r8OMa6oAAAAJ","BIO"
"R8yXxqkAAAAJ","BIO"
"R94cBVgAAAAJ","XD"
"R9Fr5oIAAAAJ","BIO"
"R9Ho8_8AAAAJ","BIO"
"R9sorZwAAAAJ","CS"
"R9ZW47sAAAAJ","CS"
"RaHaArkAAAAJ","CS"
"RaINcuUAAAAJ","CS"
"RaScARwAAAAJ","CS"
"RA_As7kAAAAJ","XD"
"rbCke0kAAAAJ","BIO"
"RBfDXDMAAAAJ","BIO"
"rBm9odgAAAAJ","BIO"
"RBuoCYEAAAAJ","XD"
"rcjc5I4AAAAJ","CS"
"rcs6IKwAAAAJ","XD"
"rD8a4hQAAAAJ","XD"
"rDfyQnIAAAAJ","XD"
"RdI0WnQAAAAJ","XD"
"rdnU53QAAAAJ","XD"
"rdsng9wAAAAJ","BIO"
"rE4Tz3YAAAAJ","CS"
"RefX_60AAAAJ","XD"
"rejzeocAAAAJ","CS"
"ReThrX4AAAAJ","BIO"
"RFAeRXEAAAAJ","XD"
"rfayeocAAAAJ","CS"
"rFf-AooAAAAJ","XD"
"RffbjzgAAAAJ","XD"
"RFmkZ-EAAAAJ","BIO"
"RfnRk4kAAAAJ","XD"
"rFpexEAAAAAJ","CS"
"rg6Bl5YAAAAJ","CS"
"RGllVAsAAAAJ","XD"
"RGwTnFcAAAAJ","BIO"
"rGYZ-8IAAAAJ","BIO"
"Rh16nsIAAAAJ","CS"
"Rh5orowAAAAJ","BIO"
"RhCOXikAAAAJ","BIO"
"RhFhIIgAAAAJ","XD"
"rhogjK0AAAAJ","CS"
"rHu-NogAAAAJ","BIO"
"Rhu5LQIAAAAJ","CS"
"RhUcYmQAAAAJ","XD"
"riaI8GAAAAAJ","CS"
"RIUYP8YAAAAJ","BIO"
"RivxoIcAAAAJ","CS"
"RiVzjNUAAAAJ","BIO"
"Ri_-0Z0AAAAJ","BIO"
"RJE1lmUAAAAJ","XD"
"RJhla18AAAAJ","CS"
"RJwCyF0AAAAJ","XD"
"RjxJExgAAAAJ","CS"
"rkmd4gQAAAAJ","BIO"
"RKvl6OoAAAAJ","BIO"
"rlnRcCYAAAAJ","BIO"
"rMDGWjYAAAAJ","CS"
"rmEQ_KwAAAAJ","CS"
"RmosgOcAAAAJ","XD"
"rMrW0VAAAAAJ","CS"
"RNC-GC0AAAAJ","BIO"
"rNTIQXYAAAAJ","CS"
"RO8j5EIAAAAJ","XD"
"ronge0AAAAAJ","CS"
"ROY0vC0AAAAJ","BIO"
"rPDABdMAAAAJ","XD"
"rpENUvIAAAAJ","BIO"
"rPGn0XYAAAAJ","BIO"
"RPmvtaQAAAAJ","BIO"
"RpRMUSsAAAAJ","XD"
"rQ0w89cAAAAJ","XD"
"RR-xljkAAAAJ","BIO"
"RRaDXNQAAAAJ","BIO"
"rRxC18AAAAAJ","CS"
"RRzVwKkAAAAJ","XD"
"rS0EX5EAAAAJ","XD"
"RtJ2hRQAAAAJ","BIO"
"rTJTJJ4AAAAJ","XD"
"rUiWchkAAAAJ","XD"
"runT3RsAAAAJ","CS"
"RUP4S68AAAAJ","CS"
"RuWWB_sAAAAJ","BIO"
"rUZN-zQAAAAJ","CS"
"rV6ZZMAAAAAJ","BIO"
"RvETgnYAAAAJ","BIO"
"RvFc93wAAAAJ","XD"
"rVo0piwAAAAJ","BIO"
"rW1Bio0AAAAJ","CS"
"rwkZoXYAAAAJ","CS"
"rWl0U0oAAAAJ","XD"
"RXOSedcAAAAJ","BIO"
"rxsX7DcAAAAJ","BIO"
"RXw9afsAAAAJ","BIO"
"rXYLXJMAAAAJ","CS"
"RY7cuPAAAAAJ","CS"
"RYcNIF4AAAAJ","BIO"
"RYeexK4AAAAJ","BIO"
"rynvwScAAAAJ","CS"
"ryyIEucAAAAJ","BIO"
"RzEnQmgAAAAJ","CS"
"RznCjloAAAAJ","XD"
"rZzn8TgAAAAJ","BIO"
"R_aeIRQAAAAJ","BIO"
"R_fV7c4AAAAJ","BIO"
"R_VPUyEAAAAJ","XD"
"R_YC_jQAAAAJ","BIO"
"s-4VGIQAAAAJ","CS"
"s-FMUNgAAAAJ","BIO"
"s-pbFU8AAAAJ","BIO"
"s-peGmEAAAAJ","XD"
"S02AuR4AAAAJ","BIO"
"s0BSyewAAAAJ","BIO"
"s18-KHUAAAAJ","XD"
"s1cRNHIAAAAJ","BIO"
"S1r_qAUAAAAJ","BIO"
"S1szbyAAAAAJ","CS"
"S2-glEwAAAAJ","XD"
"s3IEJVgAAAAJ","CS"
"S3p39KsAAAAJ","BIO"
"s45ZVgsAAAAJ","BIO"
"S4GP-G4AAAAJ","CS"
"S5AaMfgAAAAJ","CS"
"S5B0QmMAAAAJ","XD"
"s5D9dcsAAAAJ","BIO"
"S5ExrrQAAAAJ","BIO"
"S5sz8gIAAAAJ","CS"
"s5vJrNwAAAAJ","XD"
"S6-gFiMAAAAJ","XD"
"s6iwrRIAAAAJ","XD"
"S6P75HkAAAAJ","XD"
"S6UR-pkAAAAJ","XD"
"s6XjtCMAAAAJ","XD"
"s8e4QnsAAAAJ","XD"
"S9cNIqoAAAAJ","BIO"
"Sadz1uwAAAAJ","BIO"
"SagVxawAAAAJ","XD"
"sAkg9T8AAAAJ","CS"
"saY3qN5NWbcC","CS"
"SbHBJa3S3XgC","XD"
"sbI6gvAAAAAJ","BIO"
"SBkY4KAAAAAJ","XD"
"sbyIxv0AAAAJ","BIO"
"sc9YppcAAAAJ","XD"
"SCgBTgQAAAAJ","BIO"
"sCiZ_p4AAAAJ","BIO"
"sCL2jBcAAAAJ","CS"
"SCM35lMAAAAJ","CS"
"sczWfq8AAAAJ","BIO"
"SDY9FwUAAAAJ","CS"
"se0TZ2EAAAAJ","CS"
"sEAoh3MAAAAJ","CS"
"SejsFgkAAAAJ","BIO"
"sejWXlwAAAAJ","BIO"
"SEMSJmcAAAAJ","CS"
"SeW3bhwAAAAJ","CS"
"sExg7GwAAAAJ","XD"
"sfi5cQUAAAAJ","BIO"
"sFIgGN0AAAAJ","XD"
"sflJAhgAAAAJ","XD"
"sFtFo44AAAAJ","XD"
"sfuwsSwAAAAJ","XD"
"SfWhUQEAAAAJ","BIO"
"Sf_1jXkAAAAJ","BIO"
"SG5c300AAAAJ","BIO"
"SG8unQcAAAAJ","BIO"
"SGCNgQQAAAAJ","XD"
"sGPW9jAAAAAJ","XD"
"SgQislgAAAAJ","BIO"
"SGT23RAAAAAJ","CS"
"sh9-PrEAAAAJ","CS"
"Sha9_3YAAAAJ","XD"
"sHJ-AioAAAAJ","XD"
"ShySYTIAAAAJ","XD"
"si3UgDwAAAAJ","BIO"
"SIcRijoAAAAJ","CS"
"sILsSIsAAAAJ","BIO"
"sIQvXIUAAAAJ","BIO"
"sIuhJiAAAAAJ","BIO"
"SIVnT74AAAAJ","CS"
"SIxd6jgAAAAJ","CS"
"sIXRYYEAAAAJ","XD"
"SJ7rKLoAAAAJ","XD"
"SjiG_ZsAAAAJ","CS"
"sjYQI88AAAAJ","BIO"
"skDE7oIAAAAJ","BIO"
"sknDyREAAAAJ","XD"
"SKRWv2IAAAAJ","BIO"
"SKVnHakAAAAJ","XD"
"SKXmmxIAAAAJ","CS"
"slVcOQIAAAAJ","CS"
"SlXqNooAAAAJ","CS"
"Sm0f6HYAAAAJ","CS"
"Sm14jYIAAAAJ","CS"
"sm9xJEkAAAAJ","XD"
"smEOOBsAAAAJ","CS"
"smzHhe4AAAAJ","BIO"
"sNeVyqoAAAAJ","CS"
"snO5M-8AAAAJ","CS"
"sNVjjoUAAAAJ","CS"
"so6wKTcAAAAJ","BIO"
"soiDQbQAAAAJ","XD"
"SoNEZA8AAAAJ","XD"
"soUq_eQAAAAJ","CS"
"SOYXIDMAAAAJ","BIO"
"SpC-lucAAAAJ","CS"
"sPDAJ7MAAAAJ","CS"
"SPiF-wsAAAAJ","XD"
"sPlonWcAAAAJ","CS"
"sPzla6IAAAAJ","CS"
"SQ1eGN4AAAAJ","CS"
"sQ8u6h4AAAAJ","CS"
"SqC-kTwAAAAJ","CS"
"SQIewXAAAAAJ","BIO"
"SqMUez0AAAAJ","XD"
"SRC3O-4AAAAJ","CS"
"sreiPqkAAAAJ","XD"
"SrvvRBYAAAAJ","XD"
"ss8KR5gAAAAJ","CS"
"sSS9gSoAAAAJ","CS"
"sSzAlq0AAAAJ","CS"
"sT2i5HkAAAAJ","XD"
"su0fdf0AAAAJ","BIO"
"sUo8vqYAAAAJ","BIO"
"sUPIHAQAAAAJ","BIO"
"SupjsEUAAAAJ","CS"
"sUVeH-4AAAAJ","XD"
"SV2GPKwAAAAJ","XD"
"svAox44AAAAJ","XD"
"svnoYbAAAAAJ","BIO"
"sVRNOg0AAAAJ","CS"
"swPW5FYAAAAJ","CS"
"SwzKJ0kAAAAJ","CS"
"sx5BfN0AAAAJ","BIO"
"sxjynOsAAAAJ","CS"
"sXpY0CUAAAAJ","XD"
"SxRtS5sAAAAJ","XD"
"sXWssUUAAAAJ","BIO"
"SXxEJvMAAAAJ","XD"
"SxYY-kYAAAAJ","XD"
"syCMBRIAAAAJ","CS"
"syv4e-EAAAAJ","CS"
"SzEjL3oAAAAJ","XD"
"SzQNAfUAAAAJ","BIO"
"szsAigoAAAAJ","CS"
"s_IPfEYAAAAJ","CS"
"S_jYB2sAAAAJ","CS"
"s_Qt47QAAAAJ","BIO"
"s_YDrrgAAAAJ","CS"
"t-FPWNgAAAAJ","XD"
"t-VqN7sAAAAJ","CS"
"t0Sk55AAAAAJ","XD"
"T1tFq2MAAAAJ","XD"
"t2LU824AAAAJ","BIO"
"T2tYWWMAAAAJ","BIO"
"T2U5sGIAAAAJ","CS"
"T2vp1pgAAAAJ","XD"
"t3TgxNwAAAAJ","CS"
"T3ToasEAAAAJ","BIO"
"T3Wxu_AAAAAJ","XD"
"t4OSUfgAAAAJ","CS"
"t55vceMAAAAJ","BIO"
"t5KSayQAAAAJ","CS"
"t5PHthoAAAAJ","XD"
"t6lDgWUAAAAJ","BIO"
"t6XVnH8AAAAJ","XD"
"T8-BGRsAAAAJ","CS"
"T8k2etUAAAAJ","XD"
"t8wDGR0AAAAJ","XD"
"taqkLgoAAAAJ","CS"
"TarnQO8AAAAJ","BIO"
"TarR6_8AAAAJ","CS"
"Tb0ZrYwAAAAJ","CS"
"TBaBNdkAAAAJ","CS"
"tbbfR50AAAAJ","XD"
"tbSN1UMAAAAJ","BIO"
"TciP6mcAAAAJ","CS"
"tCq7Wx0AAAAJ","XD"
"tctarcMAAAAJ","BIO"
"TdPArcoAAAAJ","BIO"
"tEk4qo8AAAAJ","CS"
"teV2dfUAAAAJ","BIO"
"TeWDBlIAAAAJ","BIO"
"tf-3oyEAAAAJ","BIO"
"tfe0tsIAAAAJ","BIO"
"tfKjqhEAAAAJ","BIO"
"TFv96MMAAAAJ","BIO"
"Tg4ndREAAAAJ","BIO"
"TGaEpWgAAAAJ","BIO"
"TGNbm_gAAAAJ","BIO"
"TGRPKRIAAAAJ","CS"
"tGTJ82AAAAAJ","XD"
"TGypwUsAAAAJ","XD"
"tgYsFS0AAAAJ","CS"
"th--KvkAAAAJ","XD"
"TH512IgAAAAJ","CS"
"THBa5yoAAAAJ","BIO"
"thiYWA4AAAAJ","BIO"
"ThJ-Ju4AAAAJ","CS"
"thy6vUkAAAAJ","XD"
"Ti5vXmUAAAAJ","XD"
"tI8OPH0AAAAJ","CS"
"tIgxLTUAAAAJ","CS"
"tIUy3lsAAAAJ","BIO"
"Tiwd9qAAAAAJ","BIO"
"TJ-7eZwAAAAJ","CS"
"Tj-vav8AAAAJ","CS"
"tjb2UccAAAAJ","CS"
"TjdFs3EAAAAJ","CS"
"TJI8JW0AAAAJ","CS"
"TJMHkwIAAAAJ","BIO"
"TkayRqQAAAAJ","XD"
"tkb2YWQAAAAJ","CS"
"Tkd2hkcAAAAJ","BIO"
"tKfKk5oAAAAJ","BIO"
"TKSjVTUAAAAJ","CS"
"tKSxEgQAAAAJ","CS"
"TlaiOYsAAAAJ","BIO"
"TLcVQ-MAAAAJ","CS"
"tlh8i7gAAAAJ","CS"
"tLO-x-IAAAAJ","CS"
"TmhHwmQAAAAJ","XD"
"tmTcH0QAAAAJ","XD"
"tmuBOhwAAAAJ","CS"
"tmvxcWgAAAAJ","XD"
"tMWwWEAAAAAJ","BIO"
"tMYCvLAAAAAJ","CS"
"tnGKwL4AAAAJ","BIO"
"tNmIw4MAAAAJ","CS"
"tnoaYskAAAAJ","BIO"
"TNsLn_QAAAAJ","XD"
"Tnvl5EcAAAAJ","XD"
"tokXOxkAAAAJ","CS"
"TOmDIqIAAAAJ","CS"
"tOS9plIAAAAJ","BIO"
"ToxxF5oAAAAJ","CS"
"tp07xT0AAAAJ","XD"
"TpLB3bsAAAAJ","BIO"
"tpoh43QAAAAJ","CS"
"TPOorDcAAAAJ","CS"
"tQ5vbOAAAAAJ","CS"
"tqcSvFIAAAAJ","CS"
"tQEN0iAAAAAJ","BIO"
"tqEWl8gAAAAJ","XD"
"tqF2ld4AAAAJ","XD"
"TQgOjK0AAAAJ","CS"
"tqPp3koAAAAJ","XD"
"TqxzvywAAAAJ","XD"
"tR5MNfkAAAAJ","XD"
"tR7uT7UAAAAJ","XD"
"tRerdSIAAAAJ","CS"
"tRfX-ckAAAAJ","BIO"
"TrGbnnwAAAAJ","BIO"
"TrqegZIAAAAJ","CS"
"TRX3MyYAAAAJ","XD"
"tsMMIl0AAAAJ","CS"
"TSq5pFoAAAAJ","XD"
"tsUKOwYAAAAJ","BIO"
"TsVU8EcAAAAJ","XD"
"TSyOIvsAAAAJ","XD"
"tt1oyyEAAAAJ","BIO"
"TtA_j4YAAAAJ","CS"
"TtJeqqoAAAAJ","XD"
"TT_duF0AAAAJ","XD"
"tu39-p8AAAAJ","XD"
"TUgQVOYAAAAJ","XD"
"tuzMchcAAAAJ","XD"
"tv-2BLQAAAAJ","BIO"
"TVIMFxkAAAAJ","BIO"
"TVOX8wQAAAAJ","BIO"
"TW6dnZUAAAAJ","CS"
"TW7U1W0AAAAJ","XD"
"TwRylasAAAAJ","XD"
"twVHi_EAAAAJ","BIO"
"twwFv3QAAAAJ","CS"
"TXb5Ym8AAAAJ","CS"
"txdJApMAAAAJ","XD"
"tXhqJv0AAAAJ","CS"
"TXkS7-EAAAAJ","BIO"
"tXXbdq0AAAAJ","XD"
"tYH0OCwAAAAJ","BIO"
"tysCye4AAAAJ","BIO"
"TZWVRR8AAAAJ","CS"
"tzxERCwAAAAJ","BIO"
"t_DFZvgAAAAJ","CS"
"T_O6pjEAAAAJ","CS"
"U-0PM_cAAAAJ","CS"
"u-2VbsUAAAAJ","BIO"
"U-vDOsIAAAAJ","CS"
"u-w6khsAAAAJ","BIO"
"U-Y72_MAAAAJ","XD"
"u0BOuAsAAAAJ","CS"
"u0X-z5wAAAAJ","BIO"
"u18hG4gAAAAJ","CS"
"U2EZEzMAAAAJ","BIO"
"U3CXAPsAAAAJ","XD"
"U3Eub-EAAAAJ","CS"
"U3MXFe4AAAAJ","XD"
"u44f5AYAAAAJ","BIO"
"U46EcyQAAAAJ","CS"
"U6OVPVMAAAAJ","CS"
"U77va_QAAAAJ","CS"
"u7ltfYEAAAAJ","BIO"
"u7MvE5MAAAAJ","XD"
"U9bcQkMAAAAJ","XD"
"U9HQ2qUAAAAJ","XD"
"UA3tyKwAAAAJ","CS"
"ua4eNI0AAAAJ","BIO"
"UAb82rcAAAAJ","BIO"
"UAmGg-cAAAAJ","XD"
"UAwKvEsAAAAJ","CS"
"uBFV6SUAAAAJ","CS"
"Ubh19Y8AAAAJ","BIO"
"ubiUvvgAAAAJ","CS"
"ubOEBGYAAAAJ","XD"
"uBPAOrcAAAAJ","BIO"
"uc44q3sAAAAJ","BIO"
"uc8_eH0AAAAJ","XD"
"UCiXhq4AAAAJ","XD"
"UCK6s8wAAAAJ","BIO"
"Uctd64YUvqkC","BIO"
"uczqEdUAAAAJ","XD"
"Udl1ZbwAAAAJ","BIO"
"uDwy_JgAAAAJ","CS"
"uE08NmEAAAAJ","XD"
"UE61txYAAAAJ","BIO"
"UE6z_m8AAAAJ","CS"
"uEC8IQQAAAAJ","XD"
"UEDi4ZcAAAAJ","BIO"
"UedS9LQAAAAJ","XD"
"uegmkr0AAAAJ","BIO"
"UEI2g60AAAAJ","CS"
"ueriIfwAAAAJ","BIO"
"UetM7FgAAAAJ","CS"
"uEZ-OWMAAAAJ","BIO"
"uf0D-uoAAAAJ","CS"
"UF1_VRcAAAAJ","XD"
"uFJi3IUAAAAJ","XD"
"UF_zg4IAAAAJ","BIO"
"UGccZdUAAAAJ","XD"
"UGDVOZgAAAAJ","CS"
"ugFNit4AAAAJ","XD"
"UgHB5oAAAAAJ","CS"
"UgKiJTsAAAAJ","CS"
"UGrnqBUAAAAJ","CS"
"UgY7CSAAAAAJ","BIO"
"uHUyvLgAAAAJ","BIO"
"uHwTzpYAAAAJ","XD"
"uIdXorIAAAAJ","CS"
"uiMfVzYAAAAJ","XD"
"uJbM58UAAAAJ","CS"
"ujDhg2sAAAAJ","XD"
"UjpbO6IAAAAJ","CS"
"ujqhdv8AAAAJ","XD"
"ujT7bLwAAAAJ","CS"
"UJVBYAIAAAAJ","XD"
"ujXEG6oAAAAJ","CS"
"uL470LwAAAAJ","CS"
"UlbFDqoAAAAJ","CS"
"uLsDDUMAAAAJ","XD"
"UMbfxUAAAAAJ","BIO"
"UmwJklEAAAAJ","CS"
"Un5KXJ4AAAAJ","CS"
"UneULscAAAAJ","BIO"
"UnRdQPMAAAAJ","XD"
"uNsqlqYAAAAJ","CS"
"UnuQfEwAAAAJ","CS"
"UNxLPX8AAAAJ","CS"
"unXtH3IAAAAJ","CS"
"uoQHDRoAAAAJ","BIO"
"uoQJeI4AAAAJ","BIO"
"UORk8-EAAAAJ","BIO"
"uoVID-0AAAAJ","XD"
"up7dycYAAAAJ","XD"
"upemnMUAAAAJ","CS"
"UPFay-gAAAAJ","BIO"
"Uph176YAAAAJ","CS"
"upKiqHMAAAAJ","BIO"
"UPOVXrQAAAAJ","BIO"
"UPYalhQAAAAJ","BIO"
"UQ9DUpUAAAAJ","XD"
"UQ9Ws6wAAAAJ","XD"
"uQBb60kAAAAJ","XD"
"Uqzdj9sAAAAJ","BIO"
"UR4eDW4AAAAJ","CS"
"urTiL7QAAAAJ","XD"
"UruIct4AAAAJ","CS"
"us2tDNEAAAAJ","BIO"
"uSfaEgUAAAAJ","XD"
"usw1MV0AAAAJ","XD"
"UT5I0hAAAAAJ","XD"
"uT9_8hcAAAAJ","CS"
"utnDy7MAAAAJ","XD"
"uTqQopAAAAAJ","CS"
"Uttu9kkAAAAJ","CS"
"UUAn_V8AAAAJ","CS"
"UUKLPMYAAAAJ","XD"
"uurQUZIAAAAJ","BIO"
"UuXTH9wAAAAJ","BIO"
"uVBjUtAAAAAJ","XD"
"UvFrX04AAAAJ","CS"
"UVGe0gQAAAAJ","CS"
"UvoDtbcAAAAJ","XD"
"uvoOgnwAAAAJ","CS"
"uvsSrnoAAAAJ","CS"
"UVuQeJIAAAAJ","XD"
"UVWz1ZMAAAAJ","XD"
"uwAJuBQAAAAJ","BIO"
"UwFA1KoAAAAJ","CS"
"uwHLui0AAAAJ","CS"
"uWsBKQ0AAAAJ","CS"
"UWZA0v4AAAAJ","XD"
"UXh1I6UAAAAJ","CS"
"uXUA1pgAAAAJ","XD"
"uy1OB3YAAAAJ","XD"
"uy8T6BYAAAAJ","CS"
"UyIBJikAAAAJ","XD"
"UYLIgHAAAAAJ","CS"
"UYnvOrsAAAAJ","BIO"
"uywP8ZUAAAAJ","CS"
"uyXz_Ia8KMIC","CS"
"uZ9G85sAAAAJ","XD"
"uzDaznAAAAAJ","BIO"
"uZg9l58AAAAJ","CS"
"UzNoXwMAAAAJ","CS"
"uZZ7HtIAAAAJ","CS"
"u_7S7VYAAAAJ","CS"
"u_tOExoAAAAJ","CS"
"U_VRZucAAAAJ","CS"
"v-rklEMAAAAJ","XD"
"v0bzUvMAAAAJ","CS"
"v0gn6NEAAAAJ","BIO"
"v0nybPwAAAAJ","CS"
"v0tJmyYAAAAJ","XD"
"v12-jLUAAAAJ","CS"
"v1hVGqgAAAAJ","XD"
"V1js0MUAAAAJ","CS"
"V22Gj30AAAAJ","CS"
"v2X9gX8AAAAJ","CS"
"V4LXxrQAAAAJ","CS"
"V4MDhecAAAAJ","BIO"
"V4woYDgAAAAJ","BIO"
"V5FJ6pIAAAAJ","CS"
"v5QQatYAAAAJ","XD"
"V65-apsAAAAJ","XD"
"v6Du4CEAAAAJ","XD"
"V6gXo9IAAAAJ","CS"
"v6PsQKIAAAAJ","CS"
"V6vBXqsAAAAJ","BIO"
"V7jMyB4AAAAJ","BIO"
"V8erWBIAAAAJ","BIO"
"V8RKLEsAAAAJ","XD"
"V9bLXZoAAAAJ","BIO"
"VaAEb5YAAAAJ","CS"
"Vb3FLmkAAAAJ","CS"
"VB83XasAAAAJ","BIO"
"vB96fX8AAAAJ","CS"
"VbCSmRMAAAAJ","BIO"
"VBkNT98AAAAJ","XD"
"VbruE20AAAAJ","CS"
"Vbv-JEwAAAAJ","CS"
"VBVRrp8AAAAJ","XD"
"vBvszjkAAAAJ","XD"
"VBXG4CwAAAAJ","XD"
"Vc58tYYAAAAJ","CS"
"vcOhBCcAAAAJ","BIO"
"vcR91HsAAAAJ","BIO"
"VCuHXdMAAAAJ","BIO"
"VdBfGdoAAAAJ","CS"
"VDMARucAAAAJ","XD"
"ve5gS08AAAAJ","XD"
"VeB3UbcAAAAJ","CS"
"VEdybxgAAAAJ","XD"
"VEGtG7YAAAAJ","XD"
"VEKxHOAAAAAJ","CS"
"VFGDcvoAAAAJ","XD"
"VfLiZYIAAAAJ","CS"
"vfM6Pi0AAAAJ","BIO"
"VFMbBPgAAAAJ","XD"
"VFQRIOwAAAAJ","XD"
"vfZmSf8AAAAJ","BIO"
"vG-4g-IAAAAJ","BIO"
"vg76M1oAAAAJ","CS"
"VghIYWEAAAAJ","CS"
"vgIUEmMAAAAJ","CS"
"VGoSakQAAAAJ","XD"
"VGr54BoAAAAJ","CS"
"vHDhy1IAAAAJ","BIO"
"VHOIA60AAAAJ","BIO"
"vhP-tlcAAAAJ","CS"
"vHP8ugIAAAAJ","BIO"
"Vi0LoiAAAAAJ","BIO"
"VioWXMgAAAAJ","BIO"
"vIqWvgwAAAAJ","XD"
"ViTQADcAAAAJ","BIO"
"vivnVgIAAAAJ","XD"
"VizsSmEAAAAJ","CS"
"Vj55OEUAAAAJ","XD"
"vJbjqpIAAAAJ","CS"
"VjNg25EAAAAJ","CS"
"VjvupJUAAAAJ","XD"
"vjZrDKQAAAAJ","CS"
"vL6ubpMAAAAJ","CS"
"vlI9WiYAAAAJ","XD"
"VllBDvcAAAAJ","BIO"
"Vm3QdpkAAAAJ","XD"
"vMDCJHcAAAAJ","XD"
"VMihW8oAAAAJ","CS"
"vmJOFn0AAAAJ","BIO"
"VMk7VdUAAAAJ","BIO"
"Vn3L_ioAAAAJ","CS"
"vNCcKo0AAAAJ","CS"
"Vnqt5HcAAAAJ","BIO"
"VoAHydgAAAAJ","XD"
"VP4egzMAAAAJ","CS"
"vpc4bggAAAAJ","XD"
"vPdjmBMAAAAJ","BIO"
"VpdYemsAAAAJ","CS"
"VPNvwE0AAAAJ","CS"
"vqCQtQEAAAAJ","XD"
"Vql9H_cAAAAJ","XD"
"vQQOZVgAAAAJ","CS"
"vrHhOlUAAAAJ","XD"
"vrjL9p0AAAAJ","CS"
"VROUC6oAAAAJ","XD"
"vSeHOe4AAAAJ","XD"
"vsj2slIAAAAJ","XD"
"vSjk9e8AAAAJ","XD"
"vtcDGNYAAAAJ","BIO"
"vtegaJgAAAAJ","CS"
"vth4SIcAAAAJ","CS"
"vthMwawAAAAJ","CS"
"vTndEfoAAAAJ","BIO"
"vtRygXoAAAAJ","BIO"
"vtwH6GkAAAAJ","XD"
"vtxXpVAAAAAJ","CS"
"vUDs6oEAAAAJ","XD"
"vuHsbR8AAAAJ","BIO"
"vuKTnnsAAAAJ","XD"
"vuKz6WcAAAAJ","CS"
"VUmcVOAAAAAJ","CS"
"VuvKPiQAAAAJ","CS"
"vuxET5YAAAAJ","BIO"
"vuyeghwAAAAJ","BIO"
"VuYoV78AAAAJ","BIO"
"VUZOyooAAAAJ","XD"
"Vv2PPaEAAAAJ","BIO"
"VV48RpEAAAAJ","CS"
"VVPS_0UAAAAJ","BIO"
"VvQ_QYkAAAAJ","BIO"
"VvXgoAYAAAAJ","XD"
"Vwi6Ya8AAAAJ","CS"
"VwQRddkAAAAJ","XD"
"vX45evgAAAAJ","XD"
"VX7d5EQAAAAJ","XD"
"vxEKYqsAAAAJ","CS"
"vXHA_XYAAAAJ","CS"
"vxmUoXEAAAAJ","CS"
"vXQdb5kAAAAJ","CS"
"VXvek_AAAAAJ","BIO"
"vxwBs3kAAAAJ","BIO"
"VxWLGyoAAAAJ","CS"
"vY7MdLYAAAAJ","XD"
"VYBH2BsAAAAJ","CS"
"vygtLDcAAAAJ","CS"
"VYOLjl8AAAAJ","BIO"
"vYQAKZwAAAAJ","CS"
"vzfO5TwAAAAJ","CS"
"VZfzecEAAAAJ","BIO"
"vZq8qQ4AAAAJ","BIO"
"vZrIrN4AAAAJ","CS"
"v_2fE7kAAAAJ","XD"
"V_cvqKcAAAAJ","XD"
"v_KM91IAAAAJ","XD"
"w0hg2MoAAAAJ","CS"
"w0Vl_lsAAAAJ","XD"
"W13Tp1IAAAAJ","BIO"
"w1OP2yAAAAAJ","XD"
"W1wn0zAAAAAJ","BIO"
"w20xGA0AAAAJ","BIO"
"W2DsnAkAAAAJ","CS"
"W2V3J2kAAAAJ","BIO"
"W3-SgVAAAAAJ","XD"
"w3uEh7oAAAAJ","BIO"
"W4TCTGQAAAAJ","BIO"
"W4Y0jUIAAAAJ","CS"
"w5HUeWoAAAAJ","BIO"
"W6gQqWcAAAAJ","CS"
"w88NouMAAAAJ","CS"
"W8xJZWMAAAAJ","XD"
"w90wOucAAAAJ","XD"
"w99b8LQAAAAJ","BIO"
"w9oekBcAAAAJ","XD"
"WA9DXAwAAAAJ","CS"
"Waaj7a8AAAAJ","CS"
"WAMUnQ0AAAAJ","BIO"
"WANIT2oAAAAJ","BIO"
"waPNWUYAAAAJ","XD"
"watx0IAAAAAJ","CS"
"wAvLcd4AAAAJ","BIO"
"wb-DKCIAAAAJ","CS"
"wbIMbL8AAAAJ","CS"
"wBwrU9kAAAAJ","BIO"
"WBxUHh4AAAAJ","BIO"
"wbZc9nUAAAAJ","CS"
"Wb_lnjAAAAAJ","CS"
"wCfYkMkAAAAJ","CS"
"wCxzFrMAAAAJ","CS"
"wC_ntLYAAAAJ","CS"
"wdVRIS0AAAAJ","BIO"
"wDYPIQYAAAAJ","XD"
"WE8H3b8AAAAJ","XD"
"We8Oy0EAAAAJ","CS"
"wE9QVowAAAAJ","BIO"
"weEOvS8AAAAJ","BIO"
"WeqC_-MAAAAJ","CS"
"WEQF9DgAAAAJ","CS"
"WfGLzyAAAAAJ","XD"
"wfoOdtgAAAAJ","CS"
"WfS41RAAAAAJ","CS"
"wg3lXyYAAAAJ","CS"
"WGRYgBEAAAAJ","CS"
"WH2KmRgAAAAJ","XD"
"wH5ptyoAAAAJ","BIO"
"whhr40wAAAAJ","BIO"
"WHOHV3AAAAAJ","CS"
"WhOUNxsAAAAJ","XD"
"Why1TLIAAAAJ","BIO"
"wiCTwdYAAAAJ","XD"
"WiIM-MgAAAAJ","CS"
"wil5NhcAAAAJ","BIO"
"wIujAJoAAAAJ","CS"
"wivIgKkAAAAJ","CS"
"wJ4NywgAAAAJ","CS"
"Wj4ZBFIAAAAJ","XD"
"wjPrcoUAAAAJ","XD"
"wkC9xHMAAAAJ","CS"
"WKcmjR8AAAAJ","XD"
"WKfXwHkAAAAJ","BIO"
"wKoaJ-4AAAAJ","XD"
"wLkWxZUAAAAJ","CS"
"WLlk2q4AAAAJ","BIO"
"WLN3QrAAAAAJ","XD"
"WLnFGVsAAAAJ","BIO"
"wlp2c0IAAAAJ","CS"
"WlpF5a0AAAAJ","XD"
"Wlq5rZEAAAAJ","CS"
"wlQYpPUAAAAJ","XD"
"WLsp7pEAAAAJ","CS"
"wLTWHvMAAAAJ","BIO"
"WLvuu74AAAAJ","CS"
"wmWYM34AAAAJ","BIO"
"WnJPVDMAAAAJ","XD"
"WNOWLXAAAAAJ","XD"
"WOAlvmoAAAAJ","XD"
"woqUivYAAAAJ","CS"
"Wov5tYoAAAAJ","CS"
"wOYUPpwAAAAJ","XD"
"wpadxmYAAAAJ","BIO"
"Wph6P_IAAAAJ","CS"
"WPwXQlEAAAAJ","BIO"
"wQ6SdQQAAAAJ","BIO"
"Wq8XTykAAAAJ","XD"
"wQdo-bMAAAAJ","CS"
"wQFijrcAAAAJ","CS"
"wQsQxFoAAAAJ","BIO"
"wQzELzEAAAAJ","BIO"
"wREhVVoAAAAJ","BIO"
"WRlzk3UAAAAJ","CS"
"wRRKmnMAAAAJ","CS"
"wRUow4cAAAAJ","XD"
"wRwQUW8AAAAJ","BIO"
"wrzZzwYAAAAJ","CS"
"Ws0GjboAAAAJ","CS"
"Wsh4RjcAAAAJ","BIO"
"WSN7T_YAAAAJ","XD"
"WSNyy6cAAAAJ","XD"
"wSslNAcAAAAJ","XD"
"wT-9XmoAAAAJ","XD"
"WT2SHy0AAAAJ","XD"
"WtalCkkAAAAJ","CS"
"WTkytQcAAAAJ","BIO"
"Wtm4VtQAAAAJ","XD"
"wtROIIAAAAAJ","BIO"
"wtZwMSgAAAAJ","CS"
"wUArfPgAAAAJ","CS"
"WUb-KZ0AAAAJ","CS"
"wUPKh58AAAAJ","XD"
"WUWmiBcAAAAJ","BIO"
"WV7XovQAAAAJ","XD"
"WwGhXqYAAAAJ","BIO"
"wwkGLrcAAAAJ","XD"
"wX0XpxMAAAAJ","XD"
"WxQyOYQAAAAJ","CS"
"wXtiyQcAAAAJ","CS"
"Wy89g4IAAAAJ","CS"
"wyCIJfQAAAAJ","CS"
"WYctQAQAAAAJ","CS"
"WYcYBMwAAAAJ","CS"
"wYggXHoAAAAJ","CS"
"wYJOq-wAAAAJ","XD"
"WYWEZqgAAAAJ","CS"
"WZjvuBgAAAAJ","BIO"
"WZUJGbsAAAAJ","BIO"
"w_HJY2MAAAAJ","CS"
"W_KpAMcAAAAJ","CS"
"w_Q7iBoAAAAJ","CS"
"X-jrgkEAAAAJ","XD"
"x05pUHsAAAAJ","CS"
"X08l_4IAAAAJ","XD"
"x0OsogEAAAAJ","CS"
"X0XWAGkAAAAJ","XD"
"X1sH8R0AAAAJ","BIO"
"X2Qs7XYAAAAJ","CS"
"X3JCGVIAAAAJ","CS"
"X53rkecAAAAJ","CS"
"x5HHlI0AAAAJ","BIO"
"X5hjyXgAAAAJ","XD"
"X6fRNfUAAAAJ","CS"
"x6OIBq4AAAAJ","CS"
"x7viPbgAAAAJ","XD"
"x8Cp75oAAAAJ","BIO"
"X8g6CdoAAAAJ","BIO"
"x8lYIFEAAAAJ","XD"
"x9kzObUAAAAJ","CS"
"x9tdjFUAAAAJ","BIO"
"xaoz3-gAAAAJ","CS"
"xBUSYEEAAAAJ","XD"
"xBv5ZfkAAAAJ","XD"
"XB_ZhjUAAAAJ","BIO"
"XC1a3icAAAAJ","BIO"
"XcaEg-cAAAAJ","XD"
"XcD1ffwAAAAJ","CS"
"xcV_89kAAAAJ","CS"
"XD5xbksAAAAJ","XD"
"xdC-UDMAAAAJ","CS"
"xdGKgtcAAAAJ","XD"
"XDgY-fMAAAAJ","XD"
"XDhQDdgAAAAJ","BIO"
"xdIRtREAAAAJ","XD"
"XDMGdZAAAAAJ","BIO"
"XdX6x60AAAAJ","BIO"
"xd_8IiIAAAAJ","CS"
"xe0eVksAAAAJ","XD"
"XE683E8AAAAJ","CS"
"xedYbeEAAAAJ","XD"
"xEPeEGAAAAAJ","BIO"
"XeUeJkkAAAAJ","BIO"
"XeyiyUYAAAAJ","CS"
"XF6Yk98AAAAJ","CS"
"xf7_yNsAAAAJ","XD"
"xfsIVmoAAAAJ","XD"
"xfwOz_kAAAAJ","CS"
"xG1dEIAAAAAJ","BIO"
"XG6aM5EAAAAJ","XD"
"xG9XC2MAAAAJ","XD"
"XGiiygQAAAAJ","CS"
"XGnfm1UkTfgC","XD"
"xhaTxtcAAAAJ","CS"
"xhUvqK8AAAAJ","CS"
"XhuZ9p0AAAAJ","BIO"
"XIQ7NvsAAAAJ","BIO"
"XjeIqxYAAAAJ","CS"
"xjkmJsgAAAAJ","CS"
"XJvLrVAAAAAJ","XD"
"xj_f0-YAAAAJ","XD"
"xkCYK58AAAAJ","CS"
"XkiApd4AAAAJ","CS"
"xKOEaRoAAAAJ","CS"
"xKSM8cQAAAAJ","CS"
"Xl4E0CsAAAAJ","CS"
"xlfT8vcAAAAJ","BIO"
"Xll-AbQAAAAJ","BIO"
"XM97iScAAAAJ","XD"
"xmCRzzMAAAAJ","BIO"
"XmjbcDAAAAAJ","XD"
"XMwdTIQAAAAJ","XD"
"XnLN35wAAAAJ","BIO"
"xNs4D2QAAAAJ","XD"
"xnsDhO4AAAAJ","BIO"
"XoMpU7gAAAAJ","XD"
"xPCVtawAAAAJ","CS"
"xPGhKkoAAAAJ","XD"
"XPYMp5sAAAAJ","CS"
"xqEfATIAAAAJ","XD"
"xQlXXWQAAAAJ","BIO"
"XqRwbWcAAAAJ","BIO"
"xriihOcAAAAJ","BIO"
"XrIr0nYAAAAJ","XD"
"Xs180T0AAAAJ","XD"
"XSmAcQkAAAAJ","CS"
"XSwScHgAAAAJ","BIO"
"xTj2eQwAAAAJ","CS"
"xTLHLD8AAAAJ","XD"
"xTRyOQcAAAAJ","XD"
"XtUBAtwAAAAJ","CS"
"XU7B4AEAAAAJ","BIO"
"Xu83eAkAAAAJ","BIO"
"xuDZ9-sAAAAJ","CS"
"XUp6qhMAAAAJ","CS"
"XuQW7ogAAAAJ","CS"
"xViwZ0QAAAAJ","CS"
"XVIWZggAAAAJ","BIO"
"XVNHaoMAAAAJ","BIO"
"xvnhpsAAAAAJ","BIO"
"XVoYTEoAAAAJ","CS"
"xVw8dCAAAAAJ","BIO"
"xW9Si-cAAAAJ","BIO"
"xwTbW0MAAAAJ","CS"
"Xx7j5kQAAAAJ","BIO"
"xXBPAdQAAAAJ","BIO"
"xXezIzIAAAAJ","BIO"
"XXmfmdkAAAAJ","XD"
"Xxmiua8AAAAJ","BIO"
"XxPA1LAAAAAJ","BIO"
"xYfYnG4AAAAJ","CS"
"xyHrRFUAAAAJ","CS"
"xYLmV7YAAAAJ","XD"
"XyQM8SkAAAAJ","CS"
"XYy_Nm4AAAAJ","CS"
"Xz8p2pIAAAAJ","XD"
"xZAWlosAAAAJ","BIO"
"XZjC0LIAAAAJ","XD"
"XZkvOTEAAAAJ","XD"
"XZV2eogAAAAJ","CS"
"xZwF5m8AAAAJ","BIO"
"x_7xA0UAAAAJ","XD"
"y-JsL4kAAAAJ","CS"
"Y-KJRwoAAAAJ","BIO"
"Y063_CIAAAAJ","XD"
"Y0E0lsgAAAAJ","CS"
"y0lYi-cAAAAJ","BIO"
"y0rvxmEAAAAJ","BIO"
"Y1C007wAAAAJ","CS"
"y2-3xzQAAAAJ","BIO"
"y2fSlecAAAAJ","CS"
"Y2HTFXAAAAAJ","XD"
"y2pH4jcAAAAJ","XD"
"Y3wdd8oAAAAJ","CS"
"Y4J5SOwAAAAJ","CS"
"Y6Yzy-8AAAAJ","BIO"
"y768HUkAAAAJ","CS"
"y7xrRCsAAAAJ","BIO"
"Y8-xGncAAAAJ","XD"
"Y80iWtgAAAAJ","CS"
"Y8FpsToAAAAJ","BIO"
"Y9Jw4lcAAAAJ","CS"
"y9_QaxwAAAAJ","BIO"
"YadECXsAAAAJ","BIO"
"yaSDAn0AAAAJ","BIO"
"yAxVOZ0AAAAJ","BIO"
"yb-POEcAAAAJ","XD"
"Yb5nVLAAAAAJ","BIO"
"ybfAUpsAAAAJ","CS"
"ybVTEEkAAAAJ","CS"
"yBZ7vtkAAAAJ","XD"
"Yc2L0NUAAAAJ","CS"
"yCdoo65q6NMC","XD"
"YcrMNggAAAAJ","CS"
"ydA8Q5AAAAAJ","XD"
"yDzXJC8AAAAJ","BIO"
"YE2tPHQAAAAJ","XD"
"YeDriCsAAAAJ","XD"
"YeT0BYwAAAAJ","CS"
"yeWtnR4AAAAJ","BIO"
"yExdCbEAAAAJ","BIO"
"Yf5wVssAAAAJ","CS"
"Yfkyms8AAAAJ","BIO"
"yfYYAMQAAAAJ","CS"
"YGDOoXAAAAAJ","CS"
"ygNTMegAAAAJ","BIO"
"YGQs1AYAAAAJ","CS"
"ygShHQUAAAAJ","XD"
"Yg_QjxcAAAAJ","CS"
"yHbeZQ4AAAAJ","BIO"
"yi6DR64AAAAJ","CS"
"yi9qu1cAAAAJ","CS"
"yidpx3wAAAAJ","BIO"
"yILa1y0AAAAJ","CS"
"YiTPFUsAAAAJ","BIO"
"YIwiAAsAAAAJ","CS"
"yj3SlSwAAAAJ","BIO"
"yjFpPkYAAAAJ","XD"
"YjpanIYAAAAJ","CS"
"YkAgWiEAAAAJ","BIO"
"yKHrbV4AAAAJ","XD"
"YkIThXQAAAAJ","XD"
"yl3L07sAAAAJ","CS"
"YLCXL-kAAAAJ","CS"
"Ylg4aUUAAAAJ","BIO"
"ylK19VUAAAAJ","CS"
"yLKgqPQAAAAJ","XD"
"YLKP3KkAAAAJ","XD"
"YLOz1kgAAAAJ","CS"
"yLQF4mkAAAAJ","XD"
"ylt7Js8AAAAJ","BIO"
"ymCi4oEAAAAJ","CS"
"yMMxLX8AAAAJ","BIO"
"YmpyLbEAAAAJ","BIO"
"ymwKqZsAAAAJ","XD"
"yMY9eZIAAAAJ","CS"
"Yn-Lm_QAAAAJ","CS"
"yO59sggAAAAJ","CS"
"YOGOScoAAAAJ","XD"
"YON32W4AAAAJ","CS"
"YOVZiJkAAAAJ","XD"
"YoXTlNIAAAAJ","XD"
"yp5xdBEAAAAJ","BIO"
"YPhI-YsAAAAJ","CS"
"yPOT9K0AAAAJ","XD"
"ypOvMY0AAAAJ","CS"
"YPzKczYAAAAJ","CS"
"YQmUZgYAAAAJ","BIO"
"yQNhFGUAAAAJ","CS"
"yQXfAWMAAAAJ","XD"
"YrihYtsAAAAJ","CS"
"yROWOrkAAAAJ","BIO"
"YRPveMcAAAAJ","CS"
"YrUtJqEAAAAJ","BIO"
"YsCuxPMAAAAJ","BIO"
"ysE8SHsAAAAJ","XD"
"YTJrQA4AAAAJ","CS"
"yTTJKNQAAAAJ","XD"
"YTvAfu4AAAAJ","BIO"
"ytXtLjkAAAAJ","XD"
"YTzrOAwAAAAJ","BIO"
"YU-baPIAAAAJ","XD"
"yuGFRlYAAAAJ","BIO"
"YUuWoPgAAAAJ","CS"
"YuWyvkMAAAAJ","XD"
"YU_CG7wAAAAJ","BIO"
"YVfr3wwAAAAJ","CS"
"YvgTUhkAAAAJ","BIO"
"yvvjnhIAAAAJ","CS"
"Yw2PquQAAAAJ","XD"
"ywgYvpsAAAAJ","BIO"
"yWJ9BqEAAAAJ","CS"
"YWMStXAAAAAJ","CS"
"YwoezYX7JVgJ","CS"
"YwTdf6wAAAAJ","CS"
"yx0wJlIAAAAJ","CS"
"YxGHbuMAAAAJ","CS"
"yxpqbdQAAAAJ","CS"
"yxUduqMAAAAJ","XD"
"Yy0EXRUAAAAJ","XD"
"Yy5PenMAAAAJ","BIO"
"Yy6xbCYAAAAJ","XD"
"YYp9xfoAAAAJ","XD"
"YYpp9xEAAAAJ","XD"
"yYroRg8AAAAJ","BIO"
"yz36E0IAAAAJ","BIO"
"YZHj-Y4AAAAJ","CS"
"YZO6qPoAAAAJ","BIO"
"YzqPXu8AAAAJ","BIO"
"YzvXRfAAAAAJ","CS"
"Y_Bm7IwAAAAJ","XD"
"Z-8n4c4AAAAJ","XD"
"z-D5f6gAAAAJ","BIO"
"z13bIdkAAAAJ","CS"
"Z1Kl2REAAAAJ","CS"
"Z1TeCpgAAAAJ","BIO"
"z20nJRsAAAAJ","BIO"
"z28ApZkAAAAJ","CS"
"z2foFg4AAAAJ","XD"
"z4PNjW4AAAAJ","BIO"
"z4S5rC0AAAAJ","CS"
"Z4V11w0AAAAJ","BIO"
"Z4Y5S2oAAAAJ","CS"
"z5dzCHUAAAAJ","BIO"
"z5ovGi0AAAAJ","BIO"
"Z5_fARAAAAAJ","BIO"
"Z6bM_NIAAAAJ","BIO"
"z6cJOmMAAAAJ","XD"
"Z6EHuGcAAAAJ","CS"
"Z6nLCukAAAAJ","XD"
"z6qoyXgAAAAJ","BIO"
"Z6Qp3B0AAAAJ","BIO"
"z7GCqT4AAAAJ","CS"
"Z7vJU1wAAAAJ","XD"
"z7yViWgAAAAJ","BIO"
"Z962IGQAAAAJ","CS"
"Z9Pfp6UAAAAJ","CS"
"z9t0tuoAAAAJ","XD"
"zAJ3NWEAAAAJ","BIO"
"zAo6f24AAAAJ","XD"
"ZasL8IoAAAAJ","CS"
"Zb0am48AAAAJ","BIO"
"Zc018qEAAAAJ","CS"
"Zc7YEbgAAAAJ","CS"
"zC8zRPEAAAAJ","BIO"
"ZcDNvvEAAAAJ","CS"
"zcIpOz8AAAAJ","BIO"
"zCO_h3cAAAAJ","CS"
"ZCw4KcoAAAAJ","XD"
"zD5ZfacAAAAJ","CS"
"ZDatV6MAAAAJ","CS"
"zdKmnYwAAAAJ","XD"
"zdnAkgsAAAAJ","CS"
"ZeG4wDgAAAAJ","CS"
"zei24_YAAAAJ","BIO"
"zElwjKkAAAAJ","BIO"
"ZfDtNpUAAAAJ","CS"
"ZFpENKoAAAAJ","XD"
"zgfSvoYAAAAJ","XD"
"ZgN-OgMAAAAJ","BIO"
"zGSP_osAAAAJ","XD"
"ZH1pa0EAAAAJ","CS"
"zh8E4voAAAAJ","CS"
"Zh8eiCYAAAAJ","XD"
"zHCTHbYAAAAJ","CS"
"ZhgBcHkAAAAJ","BIO"
"zhWbMG0AAAAJ","BIO"
"zi6ekpQAAAAJ","BIO"
"ZIExHooAAAAJ","CS"
"zIxfutQAAAAJ","XD"
"ZIZN5kIAAAAJ","XD"
"ZJrR0KQAAAAJ","CS"
"ZJxvr5kAAAAJ","BIO"
"Zk0ouhgAAAAJ","BIO"
"zkhHirIAAAAJ","CS"
"zkqz0_0AAAAJ","CS"
"zkvW8FQAAAAJ","XD"
"zKZ_F_4AAAAJ","BIO"
"ZlhpUZoAAAAJ","CS"
"zli5vkwAAAAJ","BIO"
"zLLJimcAAAAJ","CS"
"zLS4alQAAAAJ","BIO"
"ZLTSUtsAAAAJ","CS"
"zlzK-v0AAAAJ","CS"
"zlzqmvgAAAAJ","BIO"
"Zmvi6PMAAAAJ","CS"
"ZnHrz84AAAAJ","BIO"
"Znp3UkEAAAAJ","CS"
"ZnT-QpMAAAAJ","CS"
"ZNy346MAAAAJ","XD"
"zO6kmIAAAAAJ","CS"
"zoBGvW4AAAAJ","CS"
"zoBZ_FMAAAAJ","CS"
"ZocLOAMAAAAJ","CS"
"ZoI6hPwAAAAJ","CS"
"zorKm2EAAAAJ","XD"
"ZP1S8FYAAAAJ","BIO"
"ZPM4ycUAAAAJ","BIO"
"zPPieN8AAAAJ","BIO"
"ZqIlAdgAAAAJ","BIO"
"zqPtcskAAAAJ","CS"
"zQvCCk0AAAAJ","BIO"
"zrBpsoEAAAAJ","BIO"
"zrKC-PcAAAAJ","XD"
"zT8cqLkAAAAJ","XD"
"zte3RKUAAAAJ","XD"
"ztkfnCsAAAAJ","CS"
"zTkLS_gAAAAJ","XD"
"ZTkRs84AAAAJ","CS"
"ZTS2hocAAAAJ","XD"
"Zu07ltgAAAAJ","BIO"
"ZUBmqWsAAAAJ","CS"
"ZuCDNqwAAAAJ","CS"
"zuuO2YMAAAAJ","XD"
"zUW_nUIAAAAJ","CS"
"Zv-wcpoAAAAJ","BIO"
"zVcHDjQAAAAJ","BIO"
"ZvmgIoEAAAAJ","XD"
"ZVXhE_oAAAAJ","BIO"
"ZVxO6IIAAAAJ","XD"
"zvZa2b4AAAAJ","BIO"
"zwHgUaQAAAAJ","BIO"
"zwr9wPEAAAAJ","XD"
"Zx2TxxsAAAAJ","CS"
"zX3ba1kAAAAJ","CS"
"zxeEF2gAAAAJ","CS"
"zXhBB74AAAAJ","BIO"
"zximQqQAAAAJ","XD"
"ZXS-VpgAAAAJ","CS"
"ZxXBaswAAAAJ","XD"
"ZXxXKzAAAAAJ","BIO"
"zxz_OGgAAAAJ","XD"
"Zy1b3UAAAAAJ","CS"
"zY1kmVIAAAAJ","BIO"
"zYBMa04AAAAJ","BIO"
"zyDr9iMAAAAJ","BIO"
"zyS2E8oAAAAJ","XD"
"zZ0-4SUAAAAJ","CS"
"zZFIS2oAAAAJ","BIO"
"ZZiaPdYAAAAJ","CS"
"ZzNrbIUAAAAJ","XD"
"ZZrSuh8AAAAJ","CS"
"ZZTgznAAAAAJ","XD"
"ZzWjYkEAAAAJ","CS"
"Z_kEGKcAAAAJ","BIO"
"_-PAsvMAAAAJ","XD"
"_17pBNsAAAAJ","BIO"
"_1VlI00AAAAJ","CS"
"_2SYr5MAAAAJ","CS"
"_2UkAYEAAAAJ","CS"
"_2vphAIAAAAJ","CS"
"_3qZty0AAAAJ","XD"
"_4EISRwAAAAJ","CS"
"_4PzVMEAAAAJ","BIO"
"_4Q9rtUAAAAJ","XD"
"_8DDVkAAAAAJ","CS"
"_ajtFCMAAAAJ","CS"
"_Ax4EUYAAAAJ","CS"
"_bACLswAAAAJ","BIO"
"_Bg0dLgAAAAJ","BIO"
"_BSIZHAAAAAJ","CS"
"_cBKbV0AAAAJ","BIO"
"_cMw1IUAAAAJ","CS"
"_dpDymEAAAAJ","BIO"
"_dzO69sAAAAJ","CS"
"_e5OvWgAAAAJ","BIO"
"_EC6zUsAAAAJ","BIO"
"_ejcrb8AAAAJ","CS"
"_eOpPlQAAAAJ","XD"
"_f3b-nsAAAAJ","BIO"
"_Fah5fwAAAAJ","CS"
"_FbUThYAAAAJ","XD"
"_fiHvDAAAAAJ","CS"
"_FKX190AAAAJ","BIO"
"_h642WsAAAAJ","XD"
"_IIpR0EAAAAJ","CS"
"_j-j2-oAAAAJ","BIO"
"_jGHG0IAAAAJ","XD"
"_JhgbioAAAAJ","CS"
"_JjIgGcAAAAJ","XD"
"_JxS2MYAAAAJ","CS"
"_KNDS-kZ-nIJ","CS"
"_LsUHeoAAAAJ","CS"
"_mj1-BQAAAAJ","CS"
"_MmSAYEAAAAJ","BIO"
"_Mz2W-8AAAAJ","BIO"
"_nNBIGcAAAAJ","XD"
"_Ntvr_sAAAAJ","BIO"
"_nX-7mUAAAAJ","XD"
"_nyTrU0AAAAJ","CS"
"_OtwyTsAAAAJ","BIO"
"_ozgLUwAAAAJ","XD"
"_pPy-pAAAAAJ","CS"
"_qzAP6IAAAAJ","BIO"
"_R2wQEkAAAAJ","XD"
"_SEaWmkAAAAJ","XD"
"_sFl-OoAAAAJ","BIO"
"_SI7HeAAAAAJ","XD"
"_TBNJ2wAAAAJ","CS"
"_TU9kGYAAAAJ","CS"
"_u4XlD0AAAAJ","BIO"
"_umQuNkAAAAJ","BIO"
"_vdf32oAAAAJ","XD"
"_wlHRTUAAAAJ","BIO"
"_WWra9AAAAAJ","BIO"
"_WxLkC8AAAAJ","BIO"
"_YenRskAAAAJ","BIO"
"_yO5SYkAAAAJ","CS"
"_Z12v2IAAAAJ","CS"
"_ZIAy3cAAAAJ","CS"
"__TudQoAAAAJ","BIO"
"__z1kpoAAAAJ","XD"
